fips_county,fast_food,grocery
01001,41.0,4.0
01003,168.0,29.0
01005,24.0,5.0
01007,7.0,5.0
01009,25.0,6.0
01011,3.0,
01013,20.0,3.0
01015,105.0,21.0
01017,35.0,6.0
01019,16.0,4.0
01021,28.0,4.0
01023,6.0,4.0
01025,24.0,6.0
01027,5.0,
01029,6.0,
01031,48.0,7.0
01033,58.0,9.0
01035,7.0,3.0
01039,27.0,6.0
01041,6.0,
01043,72.0,13.0
01045,31.0,6.0
01047,23.0,6.0
01049,40.0,16.0
01051,44.0,7.0
01053,29.0,4.0
01055,88.0,12.0
01057,11.0,
01059,18.0,8.0
01061,13.0,9.0
01065,7.0,
01067,12.0,
01069,120.0,18.0
01071,32.0,8.0
01073,701.0,113.0
01075,7.0,4.0
01077,76.0,19.0
01079,16.0,
01081,153.0,23.0
01083,50.0,8.0
01087,11.0,3.0
01089,361.0,40.0
01091,20.0,5.0
01093,26.0,4.0
01095,93.0,23.0
01097,324.0,60.0
01099,10.0,4.0
01101,247.0,32.0
01103,100.0,14.0
01107,6.0,5.0
01109,37.0,7.0
01111,10.0,
01113,50.0,9.0
01115,60.0,13.0
01117,187.0,34.0
01119,10.0,3.0
01121,54.0,6.0
01123,27.0,6.0
01125,178.0,29.0
01127,48.0,9.0
01129,,4.0
01131,3.0,3.0
01133,13.0,5.0
02013,,4.0
02020,222.0,33.0
02050,6.0,21.0
02068,3.0,
02070,,6.0
02090,47.0,9.0
02100,3.0,4.0
02105,,5.0
02110,28.0,6.0
02122,46.0,17.0
02130,11.0,4.0
02150,7.0,5.0
02158,,16.0
02164,,3.0
02170,48.0,9.0
02180,,16.0
02185,4.0,10.0
02188,,7.0
02195,5.0,
02198,3.0,6.0
02220,,3.0
02240,3.0,3.0
02261,5.0,8.0
02290,,11.0
04001,13.0,8.0
04003,68.0,13.0
04005,130.0,17.0
04007,31.0,7.0
04009,18.0,6.0
04012,18.0,7.0
04013,3373.0,469.0
04015,126.0,19.0
04017,75.0,13.0
04019,729.0,124.0
04021,142.0,25.0
04023,18.0,7.0
04025,147.0,25.0
04027,131.0,30.0
05001,11.0,4.0
05003,17.0,
05005,30.0,9.0
05007,197.0,49.0
05009,24.0,7.0
05011,5.0,
05015,12.0,7.0
05017,5.0,3.0
05019,19.0,
05021,5.0,4.0
05023,22.0,5.0
05025,,3.0
05027,23.0,3.0
05029,8.0,
05031,92.0,22.0
05033,30.0,8.0
05035,40.0,7.0
05037,14.0,4.0
05039,3.0,
05041,9.0,4.0
05043,16.0,
05045,96.0,12.0
05047,7.0,
05049,3.0,
05051,89.0,13.0
05053,5.0,
05055,26.0,5.0
05057,17.0,4.0
05059,18.0,5.0
05061,11.0,
05063,31.0,7.0
05065,4.0,3.0
05067,6.0,
05069,54.0,16.0
05071,15.0,
05073,3.0,
05075,5.0,3.0
05077,3.0,
05079,6.0,
05081,7.0,
05083,13.0,3.0
05085,39.0,7.0
05087,4.0,
05089,5.0,3.0
05091,28.0,6.0
05093,32.0,8.0
05095,7.0,
05097,3.0,
05099,3.0,
05101,,3.0
05103,13.0,5.0
05107,8.0,4.0
05109,5.0,4.0
05111,15.0,5.0
05113,9.0,
05115,54.0,7.0
05117,3.0,3.0
05119,389.0,57.0
05121,9.0,5.0
05123,12.0,5.0
05125,64.0,12.0
05127,6.0,
05129,4.0,
05131,107.0,20.0
05133,7.0,3.0
05135,7.0,3.0
05137,9.0,
05139,32.0,5.0
05141,8.0,3.0
05143,185.0,40.0
05145,55.0,13.0
05147,4.0,3.0
05149,12.0,4.0
06001,1415.0,372.0
06005,26.0,13.0
06007,169.0,41.0
06009,25.0,11.0
06011,10.0,6.0
06013,793.0,214.0
06015,9.0,4.0
06017,135.0,33.0
06019,729.0,264.0
06021,19.0,7.0
06023,85.0,45.0
06025,112.0,26.0
06027,19.0,3.0
06029,662.0,188.0
06031,101.0,33.0
06033,35.0,23.0
06035,14.0,6.0
06037,8898.0,1888.0
06039,83.0,26.0
06041,196.0,73.0
06043,6.0,6.0
06045,61.0,44.0
06047,144.0,56.0
06049,,5.0
06051,25.0,6.0
06053,293.0,121.0
06055,82.0,34.0
06057,63.0,27.0
06059,3150.0,512.0
06061,370.0,63.0
06063,13.0,10.0
06065,1741.0,345.0
06067,1222.0,292.0
06069,29.0,9.0
06071,1719.0,286.0
06073,2915.0,580.0
06075,1045.0,344.0
06077,505.0,178.0
06079,265.0,61.0
06081,604.0,176.0
06083,389.0,120.0
06085,1593.0,328.0
06087,199.0,69.0
06089,124.0,36.0
06093,31.0,16.0
06095,311.0,72.0
06097,315.0,147.0
06099,387.0,128.0
06101,69.0,21.0
06103,32.0,10.0
06105,6.0,7.0
06107,289.0,113.0
06109,30.0,16.0
06111,664.0,164.0
06113,157.0,45.0
06115,33.0,9.0
08001,369.0,65.0
08003,15.0,3.0
08005,515.0,93.0
08007,8.0,3.0
08013,279.0,60.0
08014,85.0,6.0
08015,22.0,8.0
08019,13.0,
08021,,3.0
08029,16.0,7.0
08031,667.0,110.0
08035,241.0,28.0
08037,51.0,17.0
08039,5.0,
08041,497.0,62.0
08043,16.0,4.0
08045,51.0,8.0
08049,16.0,5.0
08051,17.0,5.0
08055,3.0,3.0
08059,435.0,61.0
08063,6.0,3.0
08065,4.0,
08067,56.0,12.0
08069,290.0,38.0
08071,13.0,3.0
08073,4.0,
08075,13.0,
08077,101.0,18.0
08081,11.0,
08083,15.0,6.0
08085,26.0,8.0
08087,19.0,6.0
08089,15.0,
08091,6.0,3.0
08093,5.0,4.0
08095,4.0,3.0
08097,26.0,5.0
08099,13.0,
08101,104.0,12.0
08103,3.0,
08105,,3.0
08107,24.0,9.0
08109,,5.0
08111,5.0,
08113,12.0,5.0
08117,49.0,9.0
08119,16.0,7.0
08123,185.0,33.0
08125,,3.0
09001,756.0,211.0
09003,658.0,235.0
09005,110.0,38.0
09007,122.0,33.0
09009,683.0,203.0
09011,216.0,41.0
09013,74.0,17.0
09015,63.0,20.0
10001,118.0,26.0
10003,477.0,106.0
10005,174.0,39.0
11001,864.0,168.0
12001,219.0,41.0
12003,17.0,4.0
12005,150.0,32.0
12007,14.0,3.0
12009,369.0,81.0
12011,1431.0,352.0
12013,5.0,
12015,77.0,23.0
12017,60.0,18.0
12019,133.0,23.0
12021,232.0,69.0
12023,46.0,8.0
12027,13.0,6.0
12029,6.0,3.0
12031,848.0,178.0
12033,212.0,47.0
12035,59.0,17.0
12037,4.0,6.0
12039,24.0,5.0
12041,7.0,3.0
12045,7.0,
12047,7.0,
12049,8.0,6.0
12051,20.0,11.0
12053,112.0,27.0
12055,52.0,13.0
12057,931.0,280.0
12059,5.0,3.0
12061,90.0,28.0
12063,31.0,8.0
12065,9.0,
12069,176.0,46.0
12071,433.0,113.0
12073,301.0,36.0
12075,20.0,10.0
12077,,3.0
12079,12.0,3.0
12081,189.0,58.0
12083,204.0,52.0
12085,111.0,37.0
12086,1774.0,639.0
12087,64.0,31.0
12089,60.0,10.0
12091,190.0,30.0
12093,15.0,13.0
12095,1197.0,231.0
12097,262.0,58.0
12099,1029.0,269.0
12101,261.0,63.0
12103,742.0,211.0
12105,378.0,94.0
12107,35.0,12.0
12109,172.0,30.0
12111,171.0,47.0
12113,107.0,16.0
12115,199.0,84.0
12117,383.0,70.0
12119,38.0,13.0
12121,25.0,6.0
12123,14.0,4.0
12125,4.0,
12127,341.0,78.0
12129,12.0,
12131,62.0,11.0
12133,16.0,3.0
13001,12.0,3.0
13003,5.0,4.0
13005,10.0,3.0
13009,44.0,8.0
13011,15.0,
13013,47.0,11.0
13015,72.0,14.0
13017,10.0,
13019,10.0,3.0
13021,192.0,31.0
13023,7.0,
13025,6.0,
13027,8.0,3.0
13029,34.0,7.0
13031,62.0,11.0
13033,13.0,3.0
13035,18.0,
13039,41.0,7.0
13043,10.0,3.0
13045,106.0,22.0
13047,55.0,9.0
13049,6.0,
13051,304.0,54.0
13053,4.0,
13055,14.0,5.0
13057,166.0,34.0
13059,122.0,25.0
13063,206.0,53.0
13065,7.0,
13067,720.0,111.0
13069,30.0,7.0
13071,30.0,12.0
13073,105.0,22.0
13075,15.0,
13077,92.0,23.0
13079,3.0,
13081,23.0,9.0
13083,12.0,4.0
13085,35.0,5.0
13087,24.0,6.0
13089,670.0,142.0
13091,11.0,3.0
13093,10.0,
13095,102.0,10.0
13097,118.0,20.0
13099,8.0,4.0
13103,29.0,3.0
13105,14.0,4.0
13107,15.0,
13109,9.0,3.0
13111,20.0,5.0
13113,113.0,17.0
13115,82.0,14.0
13117,168.0,34.0
13119,22.0,4.0
13121,1209.0,176.0
13123,21.0,5.0
13127,94.0,17.0
13129,40.0,11.0
13131,15.0,3.0
13133,9.0,6.0
13135,907.0,153.0
13137,31.0,6.0
13139,139.0,35.0
13141,4.0,
13143,18.0,4.0
13145,11.0,5.0
13147,15.0,3.0
13149,3.0,
13151,185.0,26.0
13153,160.0,18.0
13157,39.0,6.0
13159,7.0,
13161,12.0,
13163,11.0,5.0
13165,8.0,
13167,5.0,
13169,8.0,
13171,10.0,
13173,5.0,3.0
13175,44.0,4.0
13177,17.0,
13179,62.0,7.0
13181,3.0,
13183,4.0,
13185,102.0,17.0
13187,21.0,3.0
13189,23.0,3.0
13191,12.0,
13193,7.0,3.0
13195,11.0,3.0
13197,4.0,
13199,9.0,7.0
13205,15.0,5.0
13207,18.0,4.0
13209,3.0,
13211,20.0,
13213,27.0,5.0
13215,233.0,35.0
13217,73.0,17.0
13219,37.0,6.0
13221,4.0,
13223,74.0,11.0
13225,26.0,5.0
13227,22.0,4.0
13229,14.0,
13231,6.0,
13233,34.0,7.0
13235,11.0,
13237,9.0,3.0
13241,13.0,3.0
13243,4.0,
13245,177.0,27.0
13247,90.0,16.0
13251,6.0,3.0
13253,3.0,
13255,58.0,9.0
13257,17.0,6.0
13261,24.0,6.0
13267,13.0,4.0
13269,4.0,
13271,8.0,4.0
13273,5.0,5.0
13275,38.0,5.0
13277,45.0,9.0
13279,28.0,4.0
13281,10.0,3.0
13283,,3.0
13285,60.0,13.0
13287,8.0,3.0
13291,17.0,3.0
13293,20.0,7.0
13295,23.0,6.0
13297,57.0,10.0
13299,37.0,4.0
13303,13.0,
13305,24.0,3.0
13311,22.0,4.0
13313,81.0,24.0
13317,5.0,3.0
13319,,3.0
13321,9.0,
15001,161.0,42.0
15003,1007.0,169.0
15007,87.0,21.0
15009,132.0,50.0
16001,367.0,48.0
16005,61.0,11.0
16007,4.0,
16009,5.0,3.0
16011,21.0,6.0
16013,24.0,6.0
16017,27.0,10.0
16019,80.0,12.0
16021,6.0,3.0
16027,121.0,20.0
16029,,3.0
16031,24.0,4.0
16035,3.0,4.0
16037,5.0,5.0
16039,12.0,3.0
16041,8.0,
16043,7.0,
16045,11.0,
16047,6.0,4.0
16049,9.0,7.0
16051,11.0,
16053,12.0,
16055,115.0,21.0
16057,31.0,9.0
16059,3.0,4.0
16061,,4.0
16063,,4.0
16065,36.0,
16067,4.0,
16069,27.0,7.0
16071,4.0,
16073,6.0,3.0
16075,8.0,5.0
16077,3.0,
16079,6.0,5.0
16081,3.0,3.0
16083,72.0,16.0
16085,11.0,5.0
16087,7.0,3.0
17001,37.0,12.0
17003,3.0,
17005,7.0,
17007,30.0,6.0
17009,4.0,
17011,11.0,4.0
17013,,3.0
17015,6.0,3.0
17017,9.0,4.0
17019,186.0,36.0
17021,16.0,8.0
17023,15.0,
17025,10.0,
17027,21.0,7.0
17029,46.0,7.0
17031,4676.0,1322.0
17033,13.0,6.0
17035,4.0,
17037,86.0,13.0
17039,12.0,
17041,17.0,5.0
17043,873.0,170.0
17045,13.0,3.0
17047,3.0,
17049,35.0,7.0
17051,14.0,3.0
17053,8.0,
17055,27.0,4.0
17057,16.0,7.0
17061,8.0,4.0
17063,49.0,4.0
17065,3.0,
17067,9.0,4.0
17071,3.0,
17073,24.0,8.0
17075,14.0,8.0
17077,41.0,13.0
17079,6.0,
17081,34.0,5.0
17083,13.0,4.0
17085,12.0,6.0
17087,7.0,
17089,350.0,73.0
17091,82.0,17.0
17093,81.0,12.0
17095,45.0,10.0
17097,589.0,125.0
17099,75.0,19.0
17101,7.0,
17103,20.0,5.0
17105,16.0,10.0
17107,13.0,
17109,24.0,7.0
17111,229.0,42.0
17113,145.0,30.0
17115,73.0,16.0
17117,19.0,8.0
17119,206.0,47.0
17121,26.0,4.0
17123,7.0,
17125,8.0,4.0
17127,10.0,
17129,5.0,
17131,7.0,
17133,20.0,4.0
17135,22.0,5.0
17137,25.0,3.0
17139,3.0,
17141,36.0,6.0
17143,137.0,45.0
17145,12.0,3.0
17147,9.0,3.0
17149,6.0,4.0
17157,24.0,7.0
17159,13.0,4.0
17161,126.0,26.0
17163,200.0,44.0
17165,19.0,6.0
17167,199.0,35.0
17169,3.0,
17173,10.0,4.0
17177,21.0,9.0
17179,108.0,18.0
17181,11.0,4.0
17183,52.0,12.0
17185,9.0,
17187,6.0,6.0
17189,8.0,6.0
17191,7.0,3.0
17193,5.0,4.0
17195,34.0,9.0
17197,522.0,92.0
17199,52.0,11.0
17201,231.0,54.0
17203,18.0,5.0
18001,18.0,4.0
18003,280.0,51.0
18005,64.0,10.0
18009,7.0,4.0
18011,47.0,10.0
18013,4.0,3.0
18015,10.0,6.0
18017,28.0,6.0
18019,99.0,10.0
18021,14.0,4.0
18023,23.0,7.0
18027,14.0,6.0
18029,28.0,4.0
18031,19.0,5.0
18033,29.0,5.0
18035,89.0,13.0
18037,35.0,10.0
18039,149.0,39.0
18041,19.0,3.0
18043,71.0,7.0
18045,11.0,6.0
18047,15.0,4.0
18049,11.0,5.0
18051,23.0,6.0
18053,50.0,7.0
18055,13.0,5.0
18057,261.0,30.0
18059,38.0,4.0
18061,16.0,3.0
18063,129.0,11.0
18065,28.0,5.0
18067,85.0,11.0
18069,30.0,3.0
18071,39.0,3.0
18073,26.0,11.0
18075,9.0,
18077,19.0,5.0
18079,14.0,
18081,126.0,10.0
18083,27.0,
18085,55.0,12.0
18087,9.0,5.0
18089,453.0,91.0
18091,72.0,16.0
18093,21.0,6.0
18095,75.0,16.0
18097,822.0,165.0
18099,38.0,9.0
18101,7.0,
18103,19.0,8.0
18105,118.0,20.0
18107,30.0,10.0
18109,36.0,7.0
18111,7.0,
18113,29.0,9.0
18117,14.0,
18119,9.0,4.0
18121,5.0,
18123,11.0,
18125,3.0,
18127,116.0,18.0
18129,8.0,3.0
18131,6.0,
18133,21.0,4.0
18135,9.0,4.0
18137,17.0,8.0
18139,10.0,3.0
18141,204.0,49.0
18143,19.0,4.0
18145,28.0,5.0
18147,15.0,4.0
18149,7.0,4.0
18151,20.0,5.0
18153,12.0,3.0
18155,,3.0
18157,143.0,23.0
18159,9.0,
18161,4.0,
18163,169.0,37.0
18165,7.0,3.0
18167,95.0,14.0
18169,23.0,5.0
18173,31.0,5.0
18175,12.0,4.0
18177,45.0,7.0
18179,15.0,
18181,18.0,3.0
18183,22.0,4.0
19001,4.0,
19005,3.0,6.0
19007,8.0,4.0
19011,4.0,3.0
19013,99.0,28.0
19015,8.0,4.0
19017,9.0,4.0
19019,9.0,5.0
19021,9.0,4.0
19023,,5.0
19027,14.0,6.0
19029,8.0,5.0
19031,7.0,3.0
19033,42.0,10.0
19035,9.0,3.0
19037,5.0,
19039,6.0,
19041,19.0,3.0
19043,11.0,6.0
19045,32.0,7.0
19047,10.0,5.0
19049,68.0,16.0
19051,,3.0
19053,4.0,
19055,5.0,
19057,37.0,6.0
19059,19.0,3.0
19061,70.0,15.0
19063,5.0,3.0
19065,10.0,5.0
19067,6.0,3.0
19069,5.0,3.0
19071,5.0,3.0
19073,4.0,
19075,3.0,6.0
19077,5.0,3.0
19079,3.0,4.0
19081,6.0,3.0
19083,7.0,8.0
19085,10.0,4.0
19087,10.0,
19089,4.0,
19091,5.0,3.0
19093,3.0,
19095,6.0,6.0
19097,10.0,
19099,20.0,6.0
19101,9.0,
19103,120.0,29.0
19105,7.0,4.0
19107,5.0,3.0
19109,7.0,6.0
19111,20.0,6.0
19113,180.0,28.0
19115,,3.0
19117,4.0,
19119,3.0,5.0
19121,3.0,3.0
19123,14.0,4.0
19125,21.0,6.0
19127,18.0,12.0
19129,4.0,3.0
19131,3.0,4.0
19133,5.0,
19135,3.0,
19137,6.0,
19139,38.0,7.0
19141,8.0,7.0
19145,4.0,3.0
19147,5.0,3.0
19149,18.0,4.0
19153,389.0,91.0
19155,68.0,11.0
19157,9.0,5.0
19159,5.0,
19161,4.0,3.0
19163,151.0,24.0
19165,7.0,3.0
19167,21.0,10.0
19169,78.0,15.0
19171,5.0,6.0
19175,8.0,
19177,,5.0
19179,28.0,7.0
19181,23.0,4.0
19183,6.0,4.0
19187,23.0,6.0
19189,4.0,5.0
19191,8.0,5.0
19193,100.0,16.0
19197,9.0,5.0
20001,5.0,
20003,4.0,
20005,8.0,3.0
20007,4.0,3.0
20009,18.0,5.0
20011,12.0,
20013,5.0,3.0
20015,49.0,4.0
20021,11.0,4.0
20023,,3.0
20027,5.0,3.0
20029,9.0,3.0
20031,3.0,
20035,22.0,
20037,19.0,6.0
20041,9.0,5.0
20043,,3.0
20045,111.0,20.0
20051,34.0,5.0
20055,31.0,4.0
20057,20.0,6.0
20059,15.0,
20061,21.0,4.0
20063,3.0,
20067,4.0,
20073,,3.0
20077,4.0,4.0
20079,25.0,5.0
20085,7.0,
20091,458.0,83.0
20095,5.0,
20099,12.0,3.0
20103,41.0,6.0
20107,3.0,
20111,30.0,5.0
20113,22.0,8.0
20115,5.0,4.0
20117,6.0,3.0
20121,19.0,
20123,3.0,
20125,27.0,
20127,5.0,
20131,3.0,4.0
20133,7.0,3.0
20135,,3.0
20137,3.0,
20139,3.0,3.0
20145,4.0,
20147,5.0,
20149,16.0,9.0
20151,8.0,
20155,52.0,9.0
20159,7.0,3.0
20161,50.0,7.0
20163,,3.0
20165,3.0,
20167,5.0,
20169,57.0,5.0
20171,4.0,
20173,462.0,75.0
20175,17.0,4.0
20177,140.0,27.0
20181,7.0,
20183,,3.0
20189,3.0,
20191,9.0,3.0
20193,9.0,
20201,,4.0
20205,4.0,
20207,3.0,
20209,113.0,26.0
21001,7.0,4.0
21003,9.0,4.0
21005,17.0,
21009,31.0,8.0
21011,7.0,
21013,29.0,7.0
21015,138.0,16.0
21017,15.0,
21019,62.0,5.0
21021,28.0,4.0
21025,7.0,3.0
21027,7.0,4.0
21029,45.0,5.0
21031,6.0,
21033,9.0,4.0
21035,28.0,4.0
21037,71.0,13.0
21041,12.0,3.0
21043,20.0,5.0
21045,3.0,7.0
21047,51.0,8.0
21049,27.0,3.0
21051,12.0,4.0
21053,7.0,
21055,4.0,
21057,3.0,
21059,76.0,14.0
21061,4.0,
21065,8.0,3.0
21067,310.0,59.0
21069,4.0,3.0
21071,30.0,11.0
21073,40.0,6.0
21075,4.0,
21079,5.0,
21081,20.0,
21083,17.0,5.0
21085,17.0,6.0
21087,7.0,
21089,17.0,5.0
21091,3.0,
21093,83.0,14.0
21095,23.0,9.0
21097,10.0,3.0
21099,6.0,5.0
21101,36.0,8.0
21103,7.0,
21107,27.0,7.0
21109,5.0,
21111,703.0,138.0
21113,39.0,5.0
21115,18.0,3.0
21117,99.0,21.0
21119,5.0,4.0
21121,25.0,7.0
21123,8.0,
21125,38.0,8.0
21127,8.0,3.0
21129,4.0,
21131,4.0,3.0
21133,14.0,4.0
21135,4.0,4.0
21137,10.0,3.0
21139,3.0,3.0
21141,14.0,6.0
21143,4.0,
21145,84.0,10.0
21147,6.0,4.0
21149,6.0,
21151,66.0,9.0
21153,7.0,
21155,12.0,3.0
21157,23.0,7.0
21159,9.0,4.0
21161,17.0,4.0
21163,11.0,3.0
21167,10.0,3.0
21169,3.0,
21171,7.0,6.0
21173,17.0,4.0
21175,7.0,3.0
21177,19.0,8.0
21179,28.0,6.0
21183,13.0,3.0
21185,29.0,3.0
21187,6.0,
21191,4.0,
21193,25.0,8.0
21195,55.0,18.0
21197,8.0,3.0
21199,47.0,10.0
21203,10.0,3.0
21205,22.0,
21207,9.0,5.0
21209,36.0,3.0
21211,33.0,5.0
21213,20.0,
21215,7.0,
21217,22.0,3.0
21219,6.0,4.0
21221,7.0,
21225,8.0,4.0
21227,113.0,18.0
21229,7.0,3.0
21231,10.0,
21233,8.0,3.0
21235,29.0,7.0
21239,20.0,5.0
22001,35.0,18.0
22003,12.0,
22005,107.0,27.0
22007,7.0,3.0
22009,15.0,8.0
22011,23.0,4.0
22013,6.0,
22015,113.0,14.0
22017,215.0,31.0
22019,186.0,31.0
22021,5.0,3.0
22023,,3.0
22027,8.0,3.0
22029,12.0,3.0
22031,13.0,
22033,454.0,112.0
22037,8.0,
22039,10.0,10.0
22041,14.0,
22043,,3.0
22045,44.0,17.0
22047,16.0,6.0
22049,10.0,
22051,397.0,83.0
22053,17.0,8.0
22055,253.0,53.0
22057,58.0,11.0
22059,11.0,
22061,38.0,5.0
22063,81.0,16.0
22065,6.0,
22067,14.0,3.0
22069,26.0,6.0
22071,362.0,128.0
22073,118.0,26.0
22075,14.0,3.0
22077,9.0,7.0
22079,101.0,16.0
22081,4.0,
22083,7.0,
22085,9.0,6.0
22087,31.0,12.0
22089,31.0,11.0
22091,,3.0
22093,12.0,5.0
22095,32.0,8.0
22097,42.0,28.0
22099,26.0,14.0
22101,34.0,13.0
22103,184.0,33.0
22105,93.0,17.0
22109,87.0,17.0
22111,8.0,
22113,21.0,13.0
22115,33.0,
22117,27.0,11.0
22119,29.0,6.0
22121,21.0,4.0
22123,9.0,3.0
22125,5.0,
22127,6.0,3.0
23001,89.0,20.0
23003,42.0,33.0
23005,271.0,79.0
23007,20.0,14.0
23009,48.0,27.0
23011,92.0,23.0
23013,34.0,16.0
23015,25.0,8.0
23017,25.0,11.0
23019,91.0,34.0
23021,6.0,8.0
23023,25.0,7.0
23025,26.0,13.0
23027,19.0,13.0
23029,14.0,19.0
23031,171.0,43.0
24001,65.0,12.0
24003,555.0,98.0
24005,798.0,160.0
24009,68.0,13.0
24011,17.0,5.0
24013,127.0,28.0
24015,68.0,15.0
24017,130.0,27.0
24019,23.0,6.0
24021,217.0,40.0
24023,31.0,9.0
24025,171.0,37.0
24027,292.0,45.0
24029,12.0,7.0
24031,855.0,199.0
24033,879.0,166.0
24035,37.0,5.0
24037,84.0,17.0
24039,12.0,4.0
24041,36.0,11.0
24043,127.0,29.0
24045,93.0,11.0
24047,92.0,12.0
24510,702.0,265.0
25001,209.0,69.0
25003,112.0,31.0
25005,403.0,92.0
25007,18.0,11.0
25009,602.0,178.0
25011,35.0,19.0
25013,279.0,105.0
25015,99.0,34.0
25017,1349.0,268.0
25019,19.0,5.0
25021,517.0,113.0
25023,340.0,80.0
25025,819.0,203.0
25027,608.0,122.0
26001,6.0,4.0
26003,8.0,5.0
26005,59.0,16.0
26007,21.0,9.0
26009,16.0,6.0
26011,13.0,4.0
26013,6.0,
26015,21.0,10.0
26017,75.0,22.0
26019,13.0,6.0
26021,124.0,26.0
26023,25.0,6.0
26025,103.0,24.0
26027,17.0,6.0
26029,24.0,10.0
26031,16.0,8.0
26033,23.0,11.0
26035,23.0,8.0
26037,47.0,4.0
26039,11.0,
26041,25.0,11.0
26043,18.0,5.0
26045,89.0,11.0
26047,31.0,14.0
26049,283.0,73.0
26051,12.0,7.0
26053,8.0,3.0
26055,93.0,21.0
26057,25.0,3.0
26059,22.0,
26061,22.0,8.0
26063,25.0,8.0
26065,267.0,48.0
26067,27.0,8.0
26069,16.0,7.0
26071,7.0,3.0
26073,44.0,10.0
26075,96.0,19.0
26077,214.0,53.0
26079,8.0,6.0
26081,500.0,97.0
26083,,3.0
26087,50.0,10.0
26089,15.0,10.0
26091,67.0,10.0
26093,117.0,17.0
26095,3.0,3.0
26097,15.0,8.0
26099,717.0,113.0
26101,11.0,8.0
26103,48.0,11.0
26105,20.0,5.0
26107,26.0,5.0
26109,12.0,9.0
26111,64.0,15.0
26113,4.0,
26115,101.0,20.0
26117,27.0,8.0
26119,3.0,4.0
26121,122.0,16.0
26123,26.0,6.0
26125,1077.0,224.0
26127,9.0,4.0
26129,12.0,5.0
26131,,3.0
26133,10.0,4.0
26135,6.0,
26137,21.0,8.0
26139,167.0,35.0
26141,4.0,6.0
26143,15.0,4.0
26145,157.0,33.0
26147,89.0,21.0
26149,36.0,13.0
26151,18.0,8.0
26153,7.0,
26155,45.0,11.0
26157,21.0,7.0
26159,51.0,16.0
26161,299.0,60.0
26163,1348.0,366.0
26165,26.0,6.0
27001,8.0,5.0
27003,220.0,38.0
27005,17.0,3.0
27007,25.0,7.0
27009,22.0,3.0
27011,5.0,
27013,60.0,6.0
27015,19.0,5.0
27017,10.0,6.0
27019,57.0,15.0
27021,9.0,10.0
27023,7.0,3.0
27025,28.0,5.0
27027,39.0,6.0
27029,,3.0
27031,6.0,4.0
27033,3.0,4.0
27035,44.0,15.0
27037,301.0,57.0
27039,9.0,3.0
27041,25.0,5.0
27043,6.0,6.0
27045,13.0,5.0
27047,22.0,4.0
27049,31.0,10.0
27051,,3.0
27053,1068.0,235.0
27055,6.0,4.0
27057,8.0,5.0
27059,16.0,4.0
27061,16.0,8.0
27065,5.0,
27067,27.0,7.0
27069,,3.0
27071,9.0,6.0
27073,3.0,
27075,8.0,
27079,6.0,5.0
27081,,5.0
27083,25.0,7.0
27085,25.0,6.0
27087,3.0,
27089,,5.0
27091,13.0,3.0
27093,9.0,5.0
27095,16.0,4.0
27097,24.0,9.0
27099,23.0,10.0
27101,3.0,4.0
27103,21.0,3.0
27105,10.0,10.0
27107,,3.0
27109,112.0,26.0
27111,31.0,12.0
27113,4.0,
27115,15.0,5.0
27117,8.0,3.0
27119,15.0,6.0
27121,4.0,
27123,441.0,113.0
27127,6.0,5.0
27129,5.0,4.0
27131,36.0,8.0
27133,7.0,
27135,4.0,5.0
27137,132.0,34.0
27139,85.0,21.0
27141,41.0,10.0
27143,4.0,5.0
27145,116.0,32.0
27147,28.0,7.0
27149,6.0,3.0
27151,7.0,3.0
27153,7.0,6.0
27157,10.0,3.0
27159,13.0,5.0
27161,11.0,
27163,165.0,31.0
27165,4.0,
27169,37.0,4.0
27171,73.0,12.0
27173,6.0,3.0
28001,27.0,4.0
28003,33.0,7.0
28005,3.0,
28007,11.0,
28011,24.0,6.0
28013,5.0,5.0
28017,7.0,4.0
28019,4.0,
28021,5.0,
28023,6.0,3.0
28025,14.0,3.0
28027,16.0,6.0
28029,16.0,
28031,13.0,5.0
28033,161.0,17.0
28035,76.0,12.0
28039,13.0,
28041,4.0,4.0
28043,26.0,
28045,30.0,
28047,166.0,17.0
28049,228.0,22.0
28051,6.0,3.0
28053,4.0,
28057,14.0,4.0
28059,94.0,18.0
28061,4.0,3.0
28065,4.0,
28067,55.0,8.0
28071,58.0,3.0
28073,64.0,9.0
28075,76.0,6.0
28077,5.0,3.0
28079,16.0,
28081,97.0,20.0
28083,19.0,8.0
28085,28.0,4.0
28087,47.0,6.0
28089,114.0,18.0
28091,18.0,3.0
28093,14.0,
28095,22.0,5.0
28097,7.0,
28099,20.0,3.0
28101,12.0,3.0
28103,5.0,
28105,41.0,5.0
28107,21.0,4.0
28109,34.0,7.0
28113,36.0,8.0
28115,21.0,7.0
28117,20.0,5.0
28119,4.0,
28121,163.0,12.0
28123,24.0,8.0
28127,20.0,3.0
28129,4.0,3.0
28131,14.0,
28133,14.0,4.0
28135,6.0,
28137,22.0,
28139,12.0,5.0
28141,15.0,11.0
28143,10.0,3.0
28145,19.0,4.0
28147,7.0,3.0
28149,42.0,3.0
28151,33.0,6.0
28153,14.0,3.0
28155,4.0,3.0
28157,,3.0
28159,16.0,3.0
28161,5.0,3.0
28163,11.0,5.0
29001,18.0,3.0
29003,4.0,
29007,14.0,
29009,19.0,9.0
29011,7.0,
29013,10.0,5.0
29015,8.0,3.0
29019,155.0,30.0
29021,71.0,14.0
29023,33.0,8.0
29025,,4.0
29027,23.0,4.0
29029,24.0,8.0
29031,77.0,11.0
29033,6.0,
29035,4.0,4.0
29037,63.0,12.0
29039,11.0,4.0
29041,,3.0
29043,46.0,12.0
29045,3.0,
29047,175.0,29.0
29049,3.0,
29051,70.0,9.0
29053,12.0,
29055,14.0,4.0
29057,5.0,
29059,8.0,3.0
29061,,3.0
29063,6.0,
29065,10.0,3.0
29067,3.0,
29069,19.0,11.0
29071,78.0,18.0
29073,9.0,5.0
29075,4.0,3.0
29077,293.0,47.0
29079,7.0,
29081,8.0,
29083,16.0,3.0
29085,3.0,3.0
29091,26.0,10.0
29093,,4.0
29095,533.0,101.0
29097,101.0,15.0
29099,135.0,23.0
29101,33.0,4.0
29105,22.0,4.0
29107,23.0,5.0
29109,22.0,5.0
29111,3.0,
29113,22.0,3.0
29115,6.0,
29117,9.0,
29119,8.0,6.0
29121,10.0,4.0
29123,8.0,
29127,28.0,4.0
29131,11.0,7.0
29133,7.0,5.0
29135,9.0,4.0
29137,4.0,
29139,7.0,3.0
29141,10.0,6.0
29143,14.0,5.0
29145,29.0,9.0
29147,13.0,
29149,5.0,3.0
29151,5.0,5.0
29155,8.0,4.0
29157,10.0,3.0
29159,33.0,6.0
29161,36.0,6.0
29163,13.0,
29165,60.0,10.0
29167,15.0,3.0
29169,27.0,4.0
29175,14.0,4.0
29177,8.0,
29181,6.0,3.0
29183,300.0,44.0
29186,7.0,3.0
29187,53.0,14.0
29189,878.0,189.0
29195,16.0,5.0
29201,21.0,10.0
29203,,3.0
29207,13.0,7.0
29209,12.0,4.0
29211,,3.0
29213,57.0,9.0
29215,10.0,5.0
29217,10.0,
29219,17.0,6.0
29221,9.0,
29223,4.0,3.0
29225,22.0,4.0
29229,11.0,6.0
29510,306.0,93.0
30001,8.0,3.0
30003,,4.0
30005,,6.0
30009,7.0,6.0
30013,78.0,11.0
30015,,3.0
30017,9.0,3.0
30021,5.0,
30023,4.0,
30027,6.0,6.0
30029,66.0,20.0
30031,118.0,19.0
30035,8.0,5.0
30041,12.0,
30043,5.0,
30045,,3.0
30047,18.0,8.0
30049,45.0,15.0
30053,6.0,8.0
30057,4.0,3.0
30063,96.0,19.0
30067,18.0,4.0
30071,3.0,
30073,,3.0
30077,3.0,
30081,20.0,12.0
30083,11.0,3.0
30085,6.0,5.0
30087,5.0,6.0
30089,6.0,10.0
30093,36.0,6.0
30095,4.0,3.0
30105,7.0,3.0
30111,127.0,16.0
31001,28.0,5.0
31003,4.0,5.0
31011,,4.0
31013,7.0,4.0
31019,48.0,7.0
31025,12.0,4.0
31027,3.0,4.0
31029,3.0,3.0
31031,6.0,4.0
31033,6.0,3.0
31035,,4.0
31037,4.0,5.0
31039,4.0,5.0
31041,4.0,7.0
31043,16.0,6.0
31045,6.0,
31047,20.0,3.0
31053,27.0,8.0
31055,469.0,102.0
31059,,3.0
31063,,4.0
31065,3.0,4.0
31067,12.0,6.0
31077,,3.0
31079,50.0,10.0
31081,5.0,
31089,6.0,6.0
31095,5.0,
31099,3.0,
31101,9.0,
31105,3.0,
31107,,6.0
31109,286.0,51.0
31111,31.0,7.0
31119,29.0,9.0
31121,5.0,
31123,4.0,3.0
31127,5.0,3.0
31131,11.0,3.0
31137,7.0,3.0
31139,3.0,
31141,27.0,5.0
31145,7.0,
31147,6.0,
31151,7.0,4.0
31153,117.0,16.0
31155,9.0,7.0
31157,31.0,4.0
31159,12.0,4.0
31161,6.0,5.0
31169,,4.0
31175,,3.0
31177,7.0,
31179,10.0,
31185,11.0,
32001,16.0,
32003,2022.0,213.0
32005,36.0,4.0
32007,41.0,12.0
32013,14.0,4.0
32015,4.0,
32017,,4.0
32019,22.0,6.0
32021,3.0,
32023,28.0,6.0
32031,382.0,62.0
32033,5.0,4.0
32510,47.0,10.0
33001,54.0,12.0
33003,40.0,16.0
33005,50.0,13.0
33007,25.0,12.0
33009,77.0,30.0
33011,297.0,63.0
33013,113.0,23.0
33015,305.0,44.0
33017,93.0,20.0
33019,19.0,6.0
34001,197.0,75.0
34003,867.0,243.0
34005,343.0,65.0
34007,400.0,140.0
34009,173.0,31.0
34011,90.0,46.0
34013,583.0,358.0
34015,226.0,44.0
34017,542.0,253.0
34019,87.0,23.0
34021,280.0,117.0
34023,679.0,234.0
34025,576.0,148.0
34027,411.0,97.0
34029,458.0,102.0
34031,361.0,221.0
34033,36.0,10.0
34035,274.0,68.0
34037,77.0,29.0
34039,425.0,159.0
34041,78.0,21.0
35001,597.0,78.0
35005,45.0,5.0
35006,15.0,4.0
35007,8.0,4.0
35009,32.0,4.0
35013,138.0,23.0
35015,38.0,4.0
35017,16.0,4.0
35025,57.0,9.0
35027,19.0,
35028,16.0,3.0
35029,17.0,
35031,54.0,11.0
35035,29.0,8.0
35037,9.0,
35039,26.0,3.0
35041,12.0,
35043,71.0,12.0
35045,104.0,10.0
35047,19.0,3.0
35049,112.0,25.0
35051,8.0,
35053,8.0,
35055,28.0,11.0
35057,8.0,
35059,6.0,
35061,45.0,5.0
36001,348.0,92.0
36003,19.0,13.0
36005,998.0,1165.0
36007,154.0,42.0
36009,48.0,18.0
36011,49.0,13.0
36013,92.0,27.0
36015,53.0,13.0
36017,25.0,11.0
36019,53.0,14.0
36021,41.0,18.0
36023,42.0,9.0
36025,27.0,10.0
36027,271.0,80.0
36029,791.0,281.0
36031,29.0,17.0
36033,31.0,13.0
36035,39.0,10.0
36037,37.0,9.0
36039,34.0,14.0
36041,5.0,3.0
36043,42.0,11.0
36045,79.0,30.0
36047,2249.0,2146.0
36049,12.0,4.0
36051,44.0,12.0
36053,44.0,12.0
36055,563.0,181.0
36057,32.0,10.0
36059,1409.0,499.0
36061,2757.0,1102.0
36063,157.0,36.0
36065,167.0,58.0
36067,407.0,112.0
36069,90.0,18.0
36071,313.0,105.0
36073,16.0,7.0
36075,79.0,21.0
36077,33.0,17.0
36079,75.0,25.0
36081,2199.0,1425.0
36083,125.0,35.0
36085,363.0,204.0
36087,281.0,97.0
36089,57.0,23.0
36091,168.0,25.0
36093,123.0,46.0
36095,11.0,4.0
36097,9.0,
36099,23.0,7.0
36101,56.0,25.0
36103,1415.0,449.0
36105,59.0,32.0
36107,24.0,8.0
36109,78.0,22.0
36111,158.0,46.0
36113,64.0,23.0
36115,37.0,12.0
36117,69.0,19.0
36119,822.0,449.0
36121,26.0,8.0
36123,10.0,11.0
37001,124.0,29.0
37003,16.0,
37005,5.0,3.0
37007,17.0,3.0
37009,16.0,4.0
37011,13.0,3.0
37013,36.0,8.0
37015,9.0,
37017,25.0,5.0
37019,111.0,19.0
37021,257.0,65.0
37023,61.0,13.0
37025,181.0,40.0
37027,60.0,12.0
37031,65.0,16.0
37033,9.0,4.0
37035,136.0,32.0
37037,42.0,15.0
37039,25.0,4.0
37041,12.0,
37043,3.0,
37045,76.0,18.0
37047,44.0,13.0
37049,95.0,19.0
37051,306.0,57.0
37053,26.0,10.0
37055,70.0,17.0
37057,86.0,33.0
37059,23.0,4.0
37061,38.0,15.0
37063,304.0,48.0
37065,28.0,10.0
37067,289.0,82.0
37069,36.0,10.0
37071,167.0,35.0
37075,3.0,
37077,33.0,6.0
37079,6.0,4.0
37081,461.0,122.0
37083,49.0,16.0
37085,82.0,18.0
37087,47.0,10.0
37089,67.0,21.0
37091,21.0,5.0
37093,16.0,7.0
37095,3.0,
37097,145.0,31.0
37099,31.0,7.0
37101,128.0,32.0
37103,4.0,3.0
37105,45.0,14.0
37107,53.0,14.0
37109,61.0,14.0
37111,33.0,8.0
37113,28.0,10.0
37115,14.0,4.0
37117,21.0,4.0
37119,967.0,208.0
37121,10.0,
37123,21.0,6.0
37125,69.0,18.0
37127,72.0,21.0
37129,220.0,48.0
37131,5.0,
37133,163.0,24.0
37135,102.0,24.0
37137,12.0,4.0
37139,39.0,8.0
37141,38.0,12.0
37143,6.0,3.0
37145,27.0,5.0
37147,165.0,28.0
37149,14.0,
37151,88.0,23.0
37153,30.0,12.0
37155,74.0,33.0
37157,60.0,22.0
37159,87.0,18.0
37161,33.0,10.0
37163,37.0,11.0
37165,23.0,6.0
37167,45.0,13.0
37169,23.0,7.0
37171,51.0,14.0
37173,21.0,
37175,19.0,7.0
37179,137.0,39.0
37181,32.0,10.0
37183,988.0,210.0
37185,12.0,4.0
37187,9.0,3.0
37189,36.0,12.0
37191,92.0,22.0
37193,40.0,11.0
37195,68.0,20.0
37197,15.0,6.0
37199,7.0,3.0
38003,7.0,4.0
38009,3.0,
38011,6.0,3.0
38015,63.0,11.0
38017,156.0,33.0
38019,,3.0
38021,,4.0
38029,,5.0
38031,3.0,
38035,52.0,11.0
38037,,4.0
38039,3.0,
38041,,3.0
38049,,4.0
38053,8.0,
38055,3.0,3.0
38057,5.0,3.0
38059,17.0,5.0
38061,6.0,4.0
38063,,3.0
38067,,4.0
38071,10.0,3.0
38073,3.0,
38077,9.0,
38079,6.0,5.0
38089,20.0,5.0
38093,10.0,
38097,5.0,8.0
38099,3.0,3.0
38101,52.0,6.0
38103,3.0,5.0
38105,26.0,4.0
39001,22.0,3.0
39003,94.0,17.0
39005,33.0,12.0
39007,77.0,17.0
39009,72.0,9.0
39011,33.0,6.0
39013,51.0,14.0
39015,23.0,5.0
39017,307.0,52.0
39019,16.0,3.0
39021,20.0,7.0
39023,109.0,18.0
39025,139.0,24.0
39027,27.0,6.0
39029,78.0,19.0
39031,24.0,7.0
39033,30.0,7.0
39035,1161.0,298.0
39037,27.0,9.0
39039,32.0,5.0
39041,205.0,18.0
39043,77.0,12.0
39045,115.0,13.0
39047,33.0,4.0
39049,1226.0,251.0
39051,25.0,8.0
39053,28.0,5.0
39055,62.0,17.0
39057,152.0,21.0
39059,35.0,11.0
39061,715.0,164.0
39063,68.0,11.0
39065,20.0,6.0
39067,8.0,3.0
39069,22.0,4.0
39071,26.0,6.0
39073,17.0,4.0
39075,13.0,17.0
39077,47.0,8.0
39079,27.0,9.0
39081,47.0,13.0
39083,54.0,9.0
39085,193.0,42.0
39087,43.0,9.0
39089,127.0,19.0
39091,33.0,12.0
39093,219.0,59.0
39095,392.0,76.0
39097,24.0,3.0
39099,211.0,33.0
39101,50.0,13.0
39103,123.0,22.0
39105,18.0,
39107,31.0,7.0
39109,83.0,9.0
39111,11.0,
39113,495.0,83.0
39115,5.0,3.0
39117,16.0,3.0
39119,83.0,11.0
39121,10.0,3.0
39123,36.0,7.0
39125,10.0,4.0
39127,18.0,7.0
39129,39.0,9.0
39131,19.0,6.0
39133,124.0,22.0
39135,25.0,3.0
39137,25.0,3.0
39139,89.0,18.0
39141,53.0,10.0
39143,41.0,14.0
39145,59.0,10.0
39147,27.0,9.0
39149,30.0,7.0
39151,336.0,63.0
39153,505.0,89.0
39155,160.0,39.0
39157,72.0,18.0
39159,31.0,6.0
39161,21.0,4.0
39163,7.0,
39165,136.0,27.0
39167,54.0,12.0
39169,74.0,32.0
39171,30.0,5.0
39173,116.0,16.0
39175,18.0,4.0
40001,12.0,4.0
40005,8.0,4.0
40009,23.0,4.0
40011,7.0,
40013,31.0,4.0
40015,14.0,5.0
40017,91.0,11.0
40019,38.0,9.0
40021,26.0,5.0
40023,10.0,
40027,237.0,34.0
40031,94.0,15.0
40035,7.0,
40037,38.0,7.0
40039,25.0,4.0
40041,12.0,3.0
40047,47.0,10.0
40049,18.0,7.0
40051,28.0,7.0
40053,,4.0
40061,4.0,3.0
40063,5.0,3.0
40065,18.0,
40071,36.0,8.0
40073,8.0,3.0
40075,3.0,3.0
40079,21.0,5.0
40081,16.0,5.0
40083,13.0,3.0
40085,5.0,
40087,26.0,
40089,14.0,5.0
40091,12.0,4.0
40093,4.0,3.0
40095,10.0,4.0
40097,29.0,7.0
40099,12.0,
40101,58.0,11.0
40103,7.0,
40107,3.0,3.0
40109,807.0,109.0
40111,22.0,3.0
40113,22.0,
40115,15.0,
40117,8.0,
40119,67.0,6.0
40121,33.0,5.0
40123,28.0,7.0
40125,67.0,4.0
40127,3.0,3.0
40131,49.0,6.0
40133,18.0,5.0
40135,23.0,9.0
40137,25.0,4.0
40139,11.0,4.0
40141,4.0,
40143,628.0,94.0
40145,30.0,
40147,36.0,7.0
40149,,3.0
40151,5.0,
40153,17.0,4.0
41001,9.0,4.0
41003,71.0,14.0
41005,260.0,51.0
41007,32.0,15.0
41009,26.0,6.0
41011,38.0,17.0
41013,10.0,4.0
41015,12.0,9.0
41017,158.0,33.0
41019,67.0,25.0
41021,3.0,
41023,4.0,5.0
41025,7.0,3.0
41027,25.0,10.0
41029,152.0,41.0
41031,13.0,6.0
41033,55.0,18.0
41035,50.0,18.0
41037,4.0,
41039,302.0,67.0
41041,33.0,18.0
41043,77.0,21.0
41045,18.0,7.0
41047,258.0,41.0
41049,3.0,
41051,741.0,147.0
41053,49.0,7.0
41057,13.0,11.0
41059,44.0,14.0
41061,18.0,7.0
41063,6.0,3.0
41065,18.0,7.0
41067,430.0,82.0
41071,53.0,25.0
42001,68.0,9.0
42003,1086.0,200.0
42005,28.0,11.0
42007,116.0,20.0
42009,28.0,13.0
42011,274.0,71.0
42013,105.0,21.0
42015,38.0,13.0
42017,495.0,87.0
42019,137.0,31.0
42021,101.0,26.0
42023,,3.0
42025,33.0,8.0
42027,111.0,19.0
42029,358.0,66.0
42031,27.0,8.0
42033,45.0,14.0
42035,21.0,7.0
42037,52.0,8.0
42039,44.0,20.0
42041,200.0,33.0
42043,231.0,60.0
42045,428.0,135.0
42047,15.0,7.0
42049,199.0,44.0
42051,92.0,24.0
42055,98.0,28.0
42057,4.0,
42059,34.0,5.0
42061,19.0,4.0
42063,47.0,10.0
42065,32.0,8.0
42067,8.0,6.0
42069,173.0,37.0
42071,355.0,123.0
42073,54.0,13.0
42075,84.0,36.0
42077,270.0,57.0
42079,213.0,69.0
42081,79.0,18.0
42083,28.0,12.0
42085,78.0,13.0
42087,23.0,12.0
42089,106.0,19.0
42091,681.0,141.0
42093,12.0,3.0
42095,233.0,48.0
42097,60.0,22.0
42099,20.0,10.0
42101,1477.0,687.0
42103,24.0,7.0
42105,7.0,5.0
42107,73.0,29.0
42109,30.0,9.0
42111,35.0,17.0
42113,6.0,3.0
42115,19.0,7.0
42117,17.0,7.0
42119,30.0,5.0
42121,24.0,9.0
42123,22.0,8.0
42125,155.0,25.0
42127,22.0,10.0
42129,255.0,51.0
42131,17.0,4.0
42133,333.0,60.0
44001,34.0,5.0
44003,128.0,18.0
44005,84.0,14.0
44007,526.0,130.0
44009,98.0,27.0
45001,12.0,3.0
45003,131.0,24.0
45005,3.0,
45007,155.0,28.0
45009,14.0,3.0
45011,17.0,5.0
45013,135.0,30.0
45015,126.0,27.0
45017,5.0,
45019,388.0,97.0
45021,39.0,9.0
45023,17.0,5.0
45025,23.0,9.0
45027,17.0,4.0
45029,27.0,9.0
45031,38.0,12.0
45033,23.0,8.0
45035,94.0,18.0
45037,6.0,3.0
45039,7.0,
45041,120.0,28.0
45043,38.0,13.0
45045,444.0,102.0
45047,61.0,15.0
45049,17.0,5.0
45051,331.0,66.0
45053,19.0,6.0
45055,35.0,8.0
45057,61.0,19.0
45059,37.0,11.0
45061,8.0,
45063,229.0,53.0
45065,5.0,
45067,25.0,7.0
45069,12.0,4.0
45071,22.0,4.0
45073,46.0,17.0
45075,78.0,20.0
45077,107.0,14.0
45079,343.0,50.0
45081,7.0,
45083,235.0,44.0
45085,71.0,14.0
45087,14.0,3.0
45089,10.0,7.0
45091,159.0,42.0
46003,3.0,
46005,12.0,6.0
46011,23.0,3.0
46013,32.0,6.0
46015,6.0,
46019,6.0,4.0
46023,7.0,4.0
46027,9.0,
46029,20.0,4.0
46033,6.0,
46035,19.0,4.0
46037,4.0,
46051,6.0,4.0
46053,,3.0
46057,,3.0
46059,4.0,
46065,12.0,
46067,3.0,3.0
46077,,4.0
46079,8.0,
46081,23.0,6.0
46083,27.0,11.0
46085,,4.0
46087,,3.0
46093,10.0,4.0
46099,176.0,34.0
46103,84.0,12.0
46109,,3.0
46121,,3.0
46123,5.0,3.0
46125,,3.0
46127,6.0,3.0
46129,8.0,3.0
46135,17.0,
47001,73.0,9.0
47003,26.0,7.0
47005,11.0,4.0
47009,79.0,12.0
47011,88.0,13.0
47013,30.0,8.0
47015,6.0,
47017,12.0,5.0
47019,37.0,8.0
47021,25.0,5.0
47023,10.0,3.0
47025,16.0,8.0
47027,4.0,4.0
47029,20.0,5.0
47031,42.0,9.0
47033,6.0,3.0
47035,35.0,8.0
47037,736.0,109.0
47039,5.0,6.0
47041,6.0,4.0
47043,44.0,7.0
47045,27.0,7.0
47047,15.0,3.0
47049,6.0,4.0
47051,19.0,4.0
47053,27.0,12.0
47055,25.0,4.0
47057,9.0,4.0
47059,47.0,16.0
47061,3.0,3.0
47063,60.0,12.0
47065,350.0,63.0
47069,12.0,5.0
47071,15.0,4.0
47073,29.0,9.0
47075,17.0,
47077,17.0,4.0
47079,28.0,4.0
47081,7.0,3.0
47083,5.0,3.0
47085,12.0,3.0
47089,35.0,4.0
47091,14.0,
47093,453.0,64.0
47097,7.0,4.0
47099,29.0,6.0
47101,8.0,3.0
47103,20.0,3.0
47105,40.0,8.0
47107,38.0,7.0
47109,17.0,4.0
47111,12.0,3.0
47113,92.0,12.0
47115,21.0,3.0
47117,22.0,
47119,86.0,12.0
47121,4.0,3.0
47123,35.0,12.0
47125,145.0,23.0
47127,3.0,
47129,5.0,4.0
47131,20.0,4.0
47133,12.0,8.0
47135,4.0,
47137,4.0,
47139,8.0,
47141,56.0,14.0
47143,23.0,5.0
47145,37.0,6.0
47147,54.0,7.0
47149,266.0,29.0
47151,16.0,4.0
47153,9.0,
47155,115.0,21.0
47157,802.0,150.0
47159,8.0,3.0
47161,4.0,
47163,159.0,17.0
47165,111.0,17.0
47167,29.0,8.0
47169,4.0,3.0
47171,13.0,3.0
47173,8.0,
47177,23.0,3.0
47179,118.0,19.0
47181,3.0,3.0
47183,21.0,4.0
47185,16.0,4.0
47187,209.0,23.0
47189,113.0,13.0
48001,27.0,4.0
48003,10.0,
48005,60.0,12.0
48007,14.0,
48013,28.0,4.0
48015,17.0,4.0
48017,4.0,
48019,9.0,3.0
48021,49.0,9.0
48023,3.0,
48025,17.0,
48027,259.0,33.0
48029,1463.0,171.0
48031,13.0,3.0
48035,11.0,6.0
48037,109.0,15.0
48039,250.0,36.0
48041,199.0,18.0
48043,9.0,6.0
48047,7.0,
48049,35.0,6.0
48051,8.0,3.0
48053,35.0,
48055,22.0,6.0
48057,13.0,
48059,11.0,3.0
48061,295.0,38.0
48063,8.0,
48065,3.0,
48067,22.0,3.0
48069,5.0,
48071,38.0,5.0
48073,29.0,5.0
48075,9.0,
48077,4.0,
48081,,3.0
48083,7.0,
48085,965.0,108.0
48087,4.0,
48089,18.0,5.0
48091,123.0,9.0
48093,8.0,
48097,32.0,4.0
48099,38.0,3.0
48103,3.0,
48105,6.0,
48111,7.0,
48113,2406.0,401.0
48115,11.0,
48117,9.0,
48121,707.0,75.0
48123,17.0,
48127,8.0,3.0
48129,4.0,
48131,4.0,
48133,17.0,4.0
48135,133.0,14.0
48139,134.0,19.0
48141,638.0,106.0
48143,42.0,5.0
48145,6.0,3.0
48147,14.0,4.0
48149,20.0,5.0
48153,5.0,
48157,529.0,107.0
48159,8.0,
48161,13.0,
48163,16.0,3.0
48165,14.0,3.0
48167,256.0,46.0
48169,6.0,
48171,18.0,4.0
48175,3.0,
48177,15.0,
48179,14.0,3.0
48181,92.0,13.0
48183,161.0,17.0
48185,10.0,
48187,80.0,9.0
48189,25.0,5.0
48193,10.0,
48195,3.0,
48199,39.0,6.0
48201,3782.0,787.0
48203,39.0,10.0
48207,7.0,
48209,177.0,14.0
48213,67.0,7.0
48215,468.0,77.0
48217,31.0,6.0
48219,14.0,
48221,50.0,9.0
48223,28.0,
48225,12.0,3.0
48227,30.0,
48231,66.0,10.0
48233,16.0,4.0
48237,6.0,
48239,10.0,3.0
48241,23.0,4.0
48245,198.0,36.0
48247,5.0,3.0
48249,29.0,7.0
48251,132.0,15.0
48253,7.0,
48255,13.0,
48257,99.0,15.0
48259,35.0,
48265,50.0,6.0
48267,5.0,
48271,4.0,
48273,26.0,3.0
48277,39.0,5.0
48279,7.0,5.0
48281,10.0,
48283,7.0,3.0
48285,10.0,4.0
48287,16.0,
48289,9.0,4.0
48291,44.0,11.0
48293,14.0,3.0
48297,13.0,
48299,15.0,3.0
48303,299.0,26.0
48307,10.0,
48309,214.0,26.0
48313,23.0,
48315,7.0,
48319,3.0,
48321,21.0,4.0
48323,33.0,7.0
48325,27.0,7.0
48329,153.0,11.0
48331,19.0,5.0
48333,3.0,
48335,6.0,
48337,12.0,
48339,401.0,53.0
48341,15.0,5.0
48343,11.0,5.0
48347,41.0,9.0
48349,29.0,7.0
48353,16.0,
48355,324.0,30.0
48357,3.0,3.0
48361,61.0,10.0
48363,27.0,3.0
48365,13.0,3.0
48367,84.0,7.0
48369,3.0,3.0
48371,9.0,3.0
48373,20.0,5.0
48375,119.0,16.0
48377,4.0,
48379,8.0,
48381,90.0,10.0
48383,3.0,
48387,5.0,
48389,13.0,
48391,9.0,
48395,8.0,4.0
48397,90.0,13.0
48399,4.0,3.0
48401,31.0,3.0
48405,3.0,3.0
48407,6.0,4.0
48409,55.0,7.0
48411,5.0,
48415,19.0,
48419,12.0,4.0
48423,200.0,30.0
48425,9.0,
48427,38.0,8.0
48429,5.0,
48435,4.0,
48439,1796.0,240.0
48441,144.0,12.0
48445,9.0,
48449,29.0,5.0
48451,94.0,10.0
48453,1001.0,151.0
48455,6.0,
48457,10.0,
48459,17.0,5.0
48463,25.0,
48465,37.0,4.0
48467,38.0,6.0
48469,76.0,7.0
48471,36.0,9.0
48473,23.0,4.0
48475,7.0,
48477,28.0,3.0
48479,194.0,26.0
48481,35.0,8.0
48483,5.0,4.0
48485,110.0,11.0
48487,12.0,
48489,8.0,
48491,397.0,46.0
48493,26.0,4.0
48495,4.0,3.0
48497,39.0,9.0
48499,21.0,4.0
48501,9.0,
48503,18.0,
48505,5.0,4.0
48507,4.0,
49001,8.0,
49003,37.0,5.0
49005,92.0,16.0
49007,14.0,4.0
49011,260.0,21.0
49013,13.0,6.0
49015,7.0,6.0
49017,6.0,5.0
49019,12.0,3.0
49021,46.0,4.0
49023,12.0,
49025,9.0,4.0
49027,14.0,5.0
49033,11.0,
49035,1021.0,157.0
49037,6.0,
49039,12.0,4.0
49041,20.0,3.0
49043,43.0,11.0
49045,27.0,5.0
49047,20.0,
49049,464.0,49.0
49051,18.0,5.0
49053,137.0,18.0
49055,5.0,
49057,174.0,27.0
50001,17.0,12.0
50003,27.0,13.0
50005,22.0,9.0
50007,124.0,46.0
50011,24.0,15.0
50013,,5.0
50015,20.0,10.0
50017,9.0,6.0
50019,9.0,14.0
50021,43.0,19.0
50023,40.0,19.0
50025,39.0,22.0
50027,38.0,23.0
51001,19.0,7.0
51003,70.0,17.0
51005,10.0,
51007,7.0,
51009,20.0,5.0
51011,7.0,
51013,250.0,48.0
51015,32.0,10.0
51019,29.0,9.0
51021,4.0,
51023,16.0,6.0
51025,4.0,
51027,11.0,6.0
51031,31.0,7.0
51033,12.0,4.0
51035,10.0,5.0
51037,3.0,
51041,232.0,55.0
51043,7.0,
51045,,3.0
51047,36.0,11.0
51051,6.0,4.0
51053,10.0,6.0
51057,8.0,
51059,1009.0,196.0
51061,52.0,8.0
51063,4.0,3.0
51065,6.0,
51067,27.0,4.0
51069,45.0,8.0
51071,15.0,5.0
51073,23.0,6.0
51075,9.0,
51079,11.0,
51083,28.0,9.0
51085,84.0,14.0
51087,315.0,72.0
51089,32.0,9.0
51093,22.0,6.0
51095,39.0,14.0
51099,17.0,
51101,8.0,
51103,8.0,3.0
51105,8.0,6.0
51107,295.0,57.0
51109,12.0,4.0
51111,,4.0
51113,6.0,4.0
51115,5.0,
51117,28.0,5.0
51119,7.0,3.0
51121,75.0,11.0
51125,5.0,
51127,8.0,3.0
51131,11.0,
51133,3.0,3.0
51135,9.0,
51137,29.0,4.0
51139,18.0,4.0
51141,8.0,
51143,14.0,6.0
51145,10.0,3.0
51147,17.0,
51149,14.0,
51153,340.0,69.0
51155,36.0,4.0
51161,55.0,11.0
51163,12.0,4.0
51165,30.0,10.0
51167,19.0,
51169,15.0,5.0
51171,24.0,6.0
51173,19.0,6.0
51175,4.0,3.0
51177,90.0,21.0
51179,90.0,14.0
51183,7.0,
51185,32.0,7.0
51187,24.0,6.0
51191,36.0,13.0
51193,3.0,5.0
51195,28.0,7.0
51197,25.0,6.0
51199,62.0,8.0
51510,127.0,42.0
51520,36.0,5.0
51530,6.0,
51540,72.0,24.0
51550,213.0,33.0
51570,42.0,4.0
51580,9.0,
51590,67.0,17.0
51595,11.0,3.0
51600,83.0,17.0
51610,32.0,12.0
51620,11.0,
51630,54.0,7.0
51640,14.0,5.0
51650,123.0,26.0
51660,70.0,18.0
51670,19.0,5.0
51678,10.0,
51680,99.0,12.0
51683,60.0,17.0
51685,5.0,
51690,20.0,5.0
51700,170.0,36.0
51710,251.0,44.0
51720,11.0,
51730,43.0,12.0
51735,8.0,
51740,82.0,15.0
51750,10.0,
51760,199.0,55.0
51770,92.0,25.0
51775,33.0,5.0
51790,28.0,8.0
51800,70.0,17.0
51810,483.0,91.0
51820,26.0,7.0
51830,25.0,4.0
51840,50.0,7.0
53001,10.0,8.0
53003,12.0,3.0
53005,124.0,24.0
53007,58.0,20.0
53009,37.0,14.0
53011,259.0,63.0
53015,67.0,17.0
53017,10.0,9.0
53019,,5.0
53021,44.0,18.0
53025,54.0,29.0
53027,48.0,29.0
53029,30.0,13.0
53031,19.0,13.0
53033,1832.0,490.0
53035,164.0,44.0
53037,41.0,11.0
53039,7.0,6.0
53041,53.0,23.0
53043,5.0,4.0
53045,27.0,10.0
53047,18.0,19.0
53049,12.0,12.0
53051,3.0,7.0
53053,541.0,160.0
53055,11.0,13.0
53057,83.0,26.0
53059,5.0,
53061,560.0,151.0
53063,368.0,77.0
53065,21.0,9.0
53067,176.0,49.0
53071,32.0,16.0
53073,129.0,34.0
53075,26.0,9.0
53077,141.0,70.0
54001,9.0,3.0
54003,77.0,12.0
54005,6.0,6.0
54007,10.0,
54009,17.0,4.0
54011,100.0,16.0
54019,25.0,8.0
54021,3.0,
54023,6.0,4.0
54025,29.0,4.0
54027,8.0,3.0
54029,22.0,9.0
54031,5.0,
54033,67.0,13.0
54035,22.0,3.0
54037,35.0,7.0
54039,188.0,30.0
54041,15.0,
54043,,5.0
54045,25.0,9.0
54047,5.0,6.0
54049,43.0,8.0
54051,19.0,4.0
54053,11.0,
54055,33.0,11.0
54057,15.0,9.0
54059,6.0,6.0
54061,128.0,12.0
54065,4.0,4.0
54067,18.0,4.0
54069,45.0,9.0
54071,4.0,
54073,5.0,
54075,,4.0
54077,10.0,3.0
54079,58.0,9.0
54081,57.0,14.0
54083,13.0,3.0
54085,4.0,
54087,5.0,3.0
54089,4.0,
54091,9.0,
54093,4.0,
54095,4.0,
54097,15.0,4.0
54099,19.0,7.0
54103,13.0,4.0
54107,82.0,10.0
54109,5.0,4.0
55001,5.0,
55003,8.0,5.0
55005,27.0,11.0
55007,3.0,5.0
55009,187.0,31.0
55011,3.0,4.0
55013,7.0,3.0
55015,20.0,4.0
55017,33.0,6.0
55019,11.0,7.0
55021,36.0,8.0
55023,7.0,4.0
55025,452.0,81.0
55027,37.0,11.0
55029,23.0,12.0
55031,24.0,7.0
55033,23.0,6.0
55035,85.0,12.0
55039,65.0,14.0
55041,3.0,
55043,19.0,14.0
55045,22.0,9.0
55047,8.0,3.0
55049,11.0,3.0
55053,16.0,4.0
55055,52.0,13.0
55057,12.0,5.0
55059,119.0,28.0
55061,8.0,4.0
55063,90.0,11.0
55065,7.0,3.0
55067,12.0,4.0
55069,18.0,6.0
55071,40.0,11.0
55073,79.0,25.0
55075,27.0,8.0
55077,6.0,3.0
55079,645.0,215.0
55081,21.0,8.0
55083,18.0,5.0
55085,22.0,9.0
55087,131.0,23.0
55089,62.0,12.0
55091,6.0,
55093,19.0,6.0
55095,27.0,14.0
55097,48.0,6.0
55099,5.0,4.0
55101,128.0,37.0
55103,8.0,4.0
55105,112.0,23.0
55107,5.0,
55109,57.0,10.0
55111,54.0,16.0
55113,8.0,3.0
55115,22.0,7.0
55117,76.0,16.0
55119,6.0,
55121,13.0,8.0
55123,11.0,6.0
55125,14.0,6.0
55127,74.0,15.0
55129,5.0,4.0
55131,89.0,17.0
55133,287.0,50.0
55135,34.0,9.0
55137,7.0,6.0
55139,116.0,19.0
55141,44.0,11.0
56001,28.0,4.0
56003,4.0,3.0
56005,30.0,4.0
56007,9.0,4.0
56009,4.0,
56011,3.0,4.0
56013,24.0,6.0
56015,7.0,3.0
56017,3.0,
56019,7.0,4.0
56021,67.0,6.0
56023,8.0,5.0
56025,50.0,7.0
56029,18.0,3.0
56031,5.0,
56033,24.0,8.0
56035,,3.0
56037,31.0,5.0
56039,17.0,9.0
56041,15.0,
56043,3.0,3.0
56045,3.0,4.0
