fips_county,cnt_mean_alltransit_performance_score,cnt_median_alltransit_performance_score,cnt_min_alltransit_performance_score,cnt_max_alltransit_performance_score
01001,0.0,0.0,0.0,0.0
01003,0.3,0.35,0.0,0.7
01005,0.0,0.0,0.0,0.0
01007,0.20000000000000004,0.2,0.0,0.4
01009,0.0,0.0,0.0,0.0
01011,0.0,0.0,0.0,0.0
01013,0.0,0.0,0.0,0.0
01015,0.45454545454545453,0.0,0.0,1.8
01017,0.0,0.0,0.0,0.0
01019,0.0,0.0,0.0,0.0
01021,0.0,0.0,0.0,0.0
01023,0.0,0.0,0.0,0.0
01025,0.07500000000000001,0.0,0.0,0.2
01027,0.0,0.0,0.0,0.0
01029,0.0,0.0,0.0,0.0
01031,0.0,0.0,0.0,0.0
01033,0.0,0.0,0.0,0.0
01035,0.0,0.0,0.0,0.0
01037,0.0,0.0,0.0,0.0
01039,0.0,0.0,0.0,0.0
01041,0.0,0.0,0.0,0.0
01043,0.0,0.0,0.0,0.0
01045,0.0,0.0,0.0,0.0
01047,0.05,0.0,0.0,0.2
01049,0.0,0.0,0.0,0.0
01051,0.0,0.0,0.0,0.0
01053,0.0,0.0,0.0,0.0
01055,0.16666666666666666,0.0,0.0,1.7
01057,0.0,0.0,0.0,0.0
01059,0.0,0.0,0.0,0.0
01061,0.0,0.0,0.0,0.0
01063,0.0,0.0,0.0,0.0
01065,0.0,0.0,0.0,0.0
01067,0.0,0.0,0.0,0.0
01069,0.0,0.0,0.0,0.0
01071,0.0,0.0,0.0,0.0
01073,0.03333333333333333,0.0,0.0,0.4
01075,0.0,0.0,0.0,0.0
01077,0.0,0.0,0.0,0.0
01079,0.0,0.0,0.0,0.0
01081,0.0,0.0,0.0,0.0
01083,0.0,0.0,0.0,0.0
01085,0.0,0.0,0.0,0.0
01087,0.0,0.0,0.0,0.0
01089,0.13,0.0,0.0,1.2
01091,0.0,0.0,0.0,0.0
01093,0.0,0.0,0.0,0.0
01095,0.0,0.0,0.0,0.0
01097,0.41,0.0,0.0,3.0
01099,0.0,0.0,0.0,0.0
01101,1.25,1.25,0.2,2.3
01103,0.0,0.0,0.0,0.0
01105,0.0,0.0,0.0,0.0
01107,0.0,0.0,0.0,0.0
01109,0.0,0.0,0.0,0.0
01111,0.0,0.0,0.0,0.0
01113,0.0,0.0,0.0,0.0
01115,0.0,0.0,0.0,0.0
01117,0.0,0.0,0.0,0.0
01119,0.0,0.0,0.0,0.0
01121,0.0,0.0,0.0,0.0
01123,0.0,0.0,0.0,0.0
01125,0.5857142857142856,0.1,0.0,1.8
01127,0.0,0.0,0.0,0.0
01129,0.0,0.0,0.0,0.0
01131,0.14285714285714285,0.0,0.0,0.4
01133,0.0,0.0,0.0,0.0
02013,0.0,0.0,0.0,0.0
02016,0.0,0.0,0.0,0.0
02020,3.5,3.5,3.5,3.5
02050,0.0,0.0,0.0,0.0
02060,0.0,0.0,0.0,0.0
02063,0.0,0.0,0.0,0.0
02066,0.0,0.0,0.0,0.0
02068,0.0,0.0,0.0,0.0
02070,0.0,0.0,0.0,0.0
02090,0.8941176470588235,0.3,0.0,4.3
02100,0.0,0.0,0.0,0.0
02105,0.0,0.0,0.0,0.0
02110,2.6,2.6,2.6,2.6
02122,0.0,0.0,0.0,0.0
02130,2.6666666666666665,2.2,1.1,4.7
02150,0.0,0.0,0.0,0.0
02158,0.0,0.0,0.0,0.0
02164,0.0,0.0,0.0,0.0
02170,0.22142857142857145,0.0,0.0,1.3
02180,0.0,0.0,0.0,0.0
02185,0.0,0.0,0.0,0.0
02188,0.0,0.0,0.0,0.0
02195,0.0,0.0,0.0,0.0
02198,0.04,0.0,0.0,0.3
02220,2.2,2.2,2.2,2.2
02230,0.0,0.0,0.0,0.0
02240,0.0,0.0,0.0,0.0
02275,0.0,0.0,0.0,0.0
02282,0.0,0.0,0.0,0.0
02290,0.0,0.0,0.0,0.0
04001,0.27631578947368424,0.3,0.0,1.0
04003,0.1285714285714286,0.0,0.0,1.9
04005,0.2739130434782609,0.0,0.0,4.0
04007,0.0,0.0,0.0,0.0
04009,0.0,0.0,0.0,0.0
04011,0.0,0.0,0.0,0.0
04012,0.058823529411764705,0.0,0.0,0.6
04013,1.8875,0.55,0.0,7.9
04015,0.06521739130434782,0.0,0.0,1.9
04017,0.11521739130434783,0.0,0.0,0.9
04019,0.7784313725490196,0.3,0.0,7.4
04021,0.015789473684210527,0.0,0.0,0.6
04023,0.0,0.0,0.0,0.0
04025,0.32,0.0,0.0,3.3
04027,1.3299999999999998,1.65,0.0,3.3
05001,0.0,0.0,0.0,0.0
05003,0.0,0.0,0.0,0.0
05005,0.0,0.0,0.0,0.0
05007,0.1956521739130435,0.0,0.0,1.7
05009,0.0,0.0,0.0,0.0
05011,0.0,0.0,0.0,0.0
05013,0.0,0.0,0.0,0.0
05015,0.0,0.0,0.0,0.0
05017,0.0,0.0,0.0,0.0
05019,0.07142857142857142,0.0,0.0,0.5
05021,0.0,0.0,0.0,0.0
05023,0.0,0.0,0.0,0.0
05025,0.0,0.0,0.0,0.0
05027,0.0,0.0,0.0,0.0
05029,0.0,0.0,0.0,0.0
05031,0.2,0.0,0.0,2.0
05033,0.0,0.0,0.0,0.0
05035,0.20833333333333334,0.0,0.0,2.4
05037,0.0,0.0,0.0,0.0
05039,0.0,0.0,0.0,0.0
05041,0.0,0.0,0.0,0.0
05043,0.0,0.0,0.0,0.0
05045,0.0,0.0,0.0,0.0
05047,0.0,0.0,0.0,0.0
05049,0.0,0.0,0.0,0.0
05051,0.5142857142857143,0.0,0.0,2.0
05053,0.0,0.0,0.0,0.0
05055,0.0,0.0,0.0,0.0
05057,0.09,0.0,0.0,0.9
05059,0.32857142857142857,0.0,0.0,0.9
05061,0.0,0.0,0.0,0.0
05063,0.0,0.0,0.0,0.0
05065,0.0,0.0,0.0,0.0
05067,0.0,0.0,0.0,0.0
05069,0.0,0.0,0.0,0.0
05071,0.0,0.0,0.0,0.0
05073,0.0,0.0,0.0,0.0
05075,0.07692307692307693,0.0,0.0,0.9
05077,0.0,0.0,0.0,0.0
05079,0.0,0.0,0.0,0.0
05081,0.0,0.0,0.0,0.0
05083,0.0,0.0,0.0,0.0
05085,0.0,0.0,0.0,0.0
05087,0.0,0.0,0.0,0.0
05089,0.0,0.0,0.0,0.0
05091,0.7333333333333334,0.0,0.0,2.2
05093,0.0,0.0,0.0,0.0
05095,0.0,0.0,0.0,0.0
05097,0.0,0.0,0.0,0.0
05099,0.0,0.0,0.0,0.0
05101,0.0,0.0,0.0,0.0
05103,0.0,0.0,0.0,0.0
05105,0.0,0.0,0.0,0.0
05107,0.0,0.0,0.0,0.0
05109,0.0,0.0,0.0,0.0
05111,0.0,0.0,0.0,0.0
05113,0.0,0.0,0.0,0.0
05115,0.0,0.0,0.0,0.0
05117,0.0,0.0,0.0,0.0
05119,1.3,0.7,0.0,3.3
05121,0.0,0.0,0.0,0.0
05123,0.0,0.0,0.0,0.0
05125,0.0,0.0,0.0,0.0
05127,0.0,0.0,0.0,0.0
05129,0.0,0.0,0.0,0.0
05131,0.2,0.0,0.0,2.0
05133,0.0,0.0,0.0,0.0
05135,0.0,0.0,0.0,0.0
05137,0.0,0.0,0.0,0.0
05139,0.0,0.0,0.0,0.0
05141,0.0,0.0,0.0,0.0
05143,1.2090909090909092,0.7,0.0,3.9
05145,0.0,0.0,0.0,0.0
05147,0.0,0.0,0.0,0.0
05149,0.0,0.0,0.0,0.0
06001,6.58,6.85,1.1,9.0
06003,0.0,0.0,0.0,0.0
06005,0.7470588235294118,0.8,0.1,1.8
06007,0.89,0.6499999999999999,0.0,5.1
06009,0.5875,0.5,0.3,1.0
06011,0.0,0.0,0.0,0.0
06013,4.1301886792452835,4.4,0.0,8.5
06015,1.4000000000000001,0.9,0.5,3.8
06017,1.1846153846153846,1.3,0.0,2.9
06019,1.1795454545454545,0.7,0.0,6.2
06021,0.0,0.0,0.0,0.0
06023,1.2243243243243245,1.0,0.0,3.6
06025,0.1411764705882353,0.0,0.0,1.4
06027,0.265,0.3,0.0,1.0
06029,1.0322033898305085,0.8,0.0,5.0
06031,2.1,1.6,0.5,4.2
06033,1.6,1.3,0.5,3.1
06035,0.5571428571428572,0.4,0.0,2.5
06037,5.434751773049645,6.0,0.0,9.0
06039,0.7785714285714286,0.6499999999999999,0.0,2.1
06041,3.5870967741935487,3.6,0.0,7.5
06043,0.5214285714285715,0.55,0.0,1.3
06045,0.8739130434782609,0.5,0.0,4.0
06047,1.308,1.0,0.0,4.7
06049,0.2076923076923077,0.2,0.0,0.6
06051,0.78125,0.45,0.2,6.6
06053,2.9857142857142853,2.2,0.6,7.2
06055,1.8454545454545455,1.4,0.0,4.6
06057,1.0307692307692309,0.6,0.0,3.1
06059,3.7375,4.0,0.1,6.6
06061,1.605,1.2,0.0,4.6
06063,0.43043478260869567,0.4,0.0,1.2
06065,2.4216216216216213,2.45,0.0,5.5
06067,3.262857142857143,3.4,0.0,7.7
06069,0.8250000000000001,0.3,0.0,2.7
06071,2.756862745098039,2.3,0.0,6.8
06073,3.0283018867924527,2.7,0.0,7.9
06075,9.6,9.6,9.6,9.6
06077,1.55,0.7,0.0,4.6
06079,1.5344827586206897,1.1,0.0,5.4
06081,4.516129032258065,5.4,0.0,8.4
06083,2.411538461538462,1.5,0.0,6.4
06085,5.2625,5.4,0.0,8.5
06087,3.816666666666667,4.25,0.5,7.0
06089,0.4636363636363636,0.2,0.0,2.8
06091,0.0,0.0,0.0,0.0
06093,0.72,0.5,0.0,2.6
06095,2.5,2.0,0.1,5.0
06097,2.1083333333333334,2.0,0.0,4.9
06099,2.18,1.6,0.0,5.6
06101,0.5555555555555556,0.0,0.0,3.7
06103,0.6882352941176472,0.6,0.0,2.5
06105,0.4166666666666667,0.4,0.0,1.2
06107,1.4727272727272727,1.05,0.0,6.5
06109,1.105263157894737,0.9,0.0,3.1
06111,2.4,2.5,0.0,5.5
06113,2.3692307692307693,1.2,0.1,6.6
06115,1.3,0.4,0.0,4.3
08001,4.83,5.25,0.0,6.6
08003,0.0,0.0,0.0,0.0
08005,4.155555555555555,4.05,0.0,8.8
08007,0.0,0.0,0.0,0.0
08009,0.0,0.0,0.0,0.0
08011,0.0,0.0,0.0,0.0
08013,2.17,1.65,0.0,7.3
08014,2.9,2.9,2.9,2.9
08015,0.0,0.0,0.0,0.0
08017,0.0,0.0,0.0,0.0
08019,0.15,0.0,0.0,0.7
08021,0.0,0.0,0.0,0.0
08023,0.0,0.0,0.0,0.0
08025,0.0,0.0,0.0,0.0
08027,0.0,0.0,0.0,0.0
08029,0.0,0.0,0.0,0.0
08031,7.8,7.8,7.8,7.8
08033,0.0,0.0,0.0,0.0
08035,1.7999999999999998,0.8,0.0,7.6
08037,2.341666666666667,2.05,0.5,5.6
08039,0.0,0.0,0.0,0.0
08041,1.0578947368421054,0.5,0.0,4.4
08043,0.0,0.0,0.0,0.0
08045,1.95,1.4500000000000002,0.6,6.5
08047,0.05,0.05,0.0,0.1
08049,1.1625,0.8,0.0,3.1
08051,1.0,1.3,0.0,1.9
08053,0.0,0.0,0.0,0.0
08055,0.0,0.0,0.0,0.0
08057,0.0,0.0,0.0,0.0
08059,3.9368421052631577,2.9,0.0,8.5
08061,0.0,0.0,0.0,0.0
08063,0.0,0.0,0.0,0.0
08065,1.0666666666666667,1.4,0.0,1.8
08067,0.0,0.0,0.0,0.0
08069,1.7,1.1,0.0,4.7
08071,0.15,0.0,0.0,1.1
08073,0.0,0.0,0.0,0.0
08075,0.0,0.0,0.0,0.0
08077,1.53,2.0,0.0,3.2
08079,0.0,0.0,0.0,0.0
08081,0.0,0.0,0.0,0.0
08083,0.0,0.0,0.0,0.0
08085,0.0,0.0,0.0,0.0
08087,0.07692307692307693,0.0,0.0,0.9
08089,0.2625,0.0,0.0,0.9
08091,0.0,0.0,0.0,0.0
08093,0.0,0.0,0.0,0.0
08095,0.0,0.0,0.0,0.0
08097,4.08,4.4,0.0,8.3
08099,0.18,0.0,0.0,0.9
08101,0.6699999999999999,0.0,0.0,3.3
08103,0.0,0.0,0.0,0.0
08105,0.0,0.0,0.0,0.0
08107,0.0,0.0,0.0,0.0
08109,0.0,0.0,0.0,0.0
08111,0.0,0.0,0.0,0.0
08113,0.0,0.0,0.0,0.0
08115,0.0,0.0,0.0,0.0
08117,2.2555555555555555,1.7,0.0,5.4
08119,0.0,0.0,0.0,0.0
08121,0.0,0.0,0.0,0.0
08123,0.40869565217391307,0.0,0.0,3.5
08125,0.0,0.0,0.0,0.0
09001,4.6000000000000005,4.7,0.0,8.0
09003,3.064285714285714,1.95,0.0,8.5
09005,0.7368421052631579,0.0,0.0,2.9
09007,2.3400000000000003,1.8,0.0,6.3
09009,4.844444444444445,4.949999999999999,0.1,7.9
09011,1.83,1.6,0.0,4.6
09013,1.1749999999999998,0.0,0.0,5.6
09015,0.375,0.0,0.0,3.3
10001,1.7083333333333333,1.25,0.0,4.5
10003,3.76,3.9,0.0,7.7
10005,1.192,1.2,0.0,3.9
11001,9.3,9.3,9.3,9.3
12001,0.911111111111111,0.1,0.0,6.6
12003,0.0,0.0,0.0,0.0
12005,1.6846153846153844,1.7,0.0,2.8
12007,0.0,0.0,0.0,0.0
12009,1.7555555555555555,1.8,0.0,3.7
12011,5.14054054054054,5.5,0.0,8.2
12013,0.0,0.0,0.0,0.0
12015,0.0,0.0,0.0,0.0
12017,0.6799999999999999,0.6,0.4,1.3
12019,0.32,0.0,0.0,1.7
12021,1.5222222222222221,1.4,0.0,3.4
12023,0.0,0.0,0.0,0.0
12027,0.0,0.0,0.0,0.0
12029,0.0,0.0,0.0,0.0
12031,3.02,3.7,0.0,4.6
12033,2.6916666666666664,2.8,0.6,5.9
12035,0.0,0.0,0.0,0.0
12037,0.0,0.0,0.0,0.0
12039,0.0,0.0,0.0,0.0
12041,0.0,0.0,0.0,0.0
12043,0.0,0.0,0.0,0.0
12045,0.0,0.0,0.0,0.0
12047,0.0,0.0,0.0,0.0
12049,0.0,0.0,0.0,0.0
12051,0.0,0.0,0.0,0.0
12053,0.9590909090909091,0.95,0.0,2.1
12055,0.19999999999999998,0.0,0.0,0.6
12057,2.0484848484848484,1.5,0.0,6.5
12059,0.0,0.0,0.0,0.0
12061,0.0,0.0,0.0,0.0
12063,0.0,0.0,0.0,0.0
12065,0.0,0.0,0.0,0.0
12067,0.0,0.0,0.0,0.0
12069,0.7535714285714284,0.44999999999999996,0.0,2.2
12071,1.983783783783784,2.0,0.0,5.3
12073,2.4,2.4,0.1,4.7
12075,0.0,0.0,0.0,0.0
12077,0.0,0.0,0.0,0.0
12079,0.0,0.0,0.0,0.0
12081,4.128571428571428,4.2,2.0,6.6
12083,0.85,0.0,0.0,2.7
12085,0.45999999999999996,0.15,0.0,2.0
12086,5.957142857142857,5.9,1.6,9.0
12087,1.0461538461538462,0.9,0.0,3.1
12089,0.04,0.0,0.0,0.2
12091,1.330769230769231,0.9,0.0,2.8
12093,0.3,0.3,0.0,0.6
12095,3.3081632653061224,3.5,0.0,7.5
12097,2.85,2.95,0.0,5.1
12099,3.4051724137931036,3.9,0.0,8.1
12101,1.6090909090909091,1.6,0.0,3.7
12103,4.394594594594595,4.9,0.4,6.8
12105,1.1421052631578947,0.9,0.0,3.3
12107,0.3,0.0,0.0,0.9
12109,0.8846153846153846,0.7,0.0,2.5
12111,0.79,0.9,0.0,1.6
12113,0.02857142857142857,0.0,0.0,1.0
12115,3.6333333333333333,3.75,1.0,5.9
12117,2.566666666666667,3.0,0.0,6.5
12119,0.0,0.0,0.0,0.0
12121,0.0,0.0,0.0,0.0
12123,0.0,0.0,0.0,0.0
12125,0.0,0.0,0.0,0.0
12127,2.4,2.45,0.0,5.8
12129,0.0,0.0,0.0,0.0
12131,0.125,0.0,0.0,0.5
12133,0.0,0.0,0.0,0.0
13001,0.0,0.0,0.0,0.0
13003,0.0,0.0,0.0,0.0
13005,0.0,0.0,0.0,0.0
13007,0.0,0.0,0.0,0.0
13009,0.0,0.0,0.0,0.0
13011,0.0,0.0,0.0,0.0
13013,0.0,0.0,0.0,0.0
13015,0.0,0.0,0.0,0.0
13019,0.0,0.0,0.0,0.0
13021,2.1,2.1,2.1,2.1
13023,0.0,0.0,0.0,0.0
13025,0.0,0.0,0.0,0.0
13027,0.0,0.0,0.0,0.0
13029,0.0,0.0,0.0,0.0
13031,0.0,0.0,0.0,0.0
13033,0.0,0.0,0.0,0.0
13035,0.0,0.0,0.0,0.0
13037,0.0,0.0,0.0,0.0
13039,0.0,0.0,0.0,0.0
13043,0.0,0.0,0.0,0.0
13045,0.0,0.0,0.0,0.0
13047,0.0,0.0,0.0,0.0
13049,0.0,0.0,0.0,0.0
13051,1.7470588235294118,1.4,0.0,4.8
13053,0.0,0.0,0.0,0.0
13055,0.0,0.0,0.0,0.0
13057,0.33999999999999997,0.1,0.0,1.4
13059,1.85,1.85,0.0,3.7
13061,0.0,0.0,0.0,0.0
13063,3.5888888888888886,4.2,0.9,5.1
13065,0.0,0.0,0.0,0.0
13067,2.625,3.05,0.4,5.3
13069,0.0,0.0,0.0,0.0
13071,0.0,0.0,0.0,0.0
13073,0.06,0.0,0.0,0.3
13075,0.0,0.0,0.0,0.0
13077,0.0,0.0,0.0,0.0
13079,0.0,0.0,0.0,0.0
13081,0.0,0.0,0.0,0.0
13083,0.0,0.0,0.0,0.0
13085,0.0,0.0,0.0,0.0
13087,0.0,0.0,0.0,0.0
13089,6.371428571428572,6.3,3.9,8.7
13091,0.0,0.0,0.0,0.0
13093,0.0,0.0,0.0,0.0
13095,1.35,1.35,0.0,2.7
13097,0.95,0.95,0.7,1.2
13099,0.0,0.0,0.0,0.0
13101,0.0,0.0,0.0,0.0
13103,0.0,0.0,0.0,0.0
13105,0.0,0.0,0.0,0.0
13107,0.0,0.0,0.0,0.0
13109,0.0,0.0,0.0,0.0
13111,0.0,0.0,0.0,0.0
13113,0.0,0.0,0.0,0.0
13115,0.0,0.0,0.0,0.0
13117,0.1,0.1,0.1,0.1
13119,0.0,0.0,0.0,0.0
13121,4.1,3.95,0.6,7.5
13123,0.0,0.0,0.0,0.0
13125,0.0,0.0,0.0,0.0
13127,0.0,0.0,0.0,0.0
13129,0.0,0.0,0.0,0.0
13131,0.0,0.0,0.0,0.0
13133,0.0,0.0,0.0,0.0
13135,1.2083333333333333,0.55,0.0,4.9
13137,0.0,0.0,0.0,0.0
13139,0.7999999999999999,0.45,0.0,2.3
13141,0.0,0.0,0.0,0.0
13143,0.0,0.0,0.0,0.0
13145,0.0,0.0,0.0,0.0
13147,0.0,0.0,0.0,0.0
13149,0.0,0.0,0.0,0.0
13151,0.2,0.25,0.0,0.3
13153,0.35,0.35,0.0,0.7
13155,0.0,0.0,0.0,0.0
13157,0.0,0.0,0.0,0.0
13159,0.0,0.0,0.0,0.0
13161,0.0,0.0,0.0,0.0
13163,0.0,0.0,0.0,0.0
13165,0.0,0.0,0.0,0.0
13167,0.0,0.0,0.0,0.0
13169,0.0,0.0,0.0,0.0
13171,0.0,0.0,0.0,0.0
13173,0.0,0.0,0.0,0.0
13175,0.0,0.0,0.0,0.0
13177,0.0,0.0,0.0,0.0
13179,0.0,0.0,0.0,0.0
13181,0.0,0.0,0.0,0.0
13183,0.0,0.0,0.0,0.0
13185,0.0,0.0,0.0,0.0
13187,0.0,0.0,0.0,0.0
13189,0.0,0.0,0.0,0.0
13191,0.0,0.0,0.0,0.0
13193,0.0,0.0,0.0,0.0
13195,0.0,0.0,0.0,0.0
13197,0.0,0.0,0.0,0.0
13199,0.0,0.0,0.0,0.0
13201,0.0,0.0,0.0,0.0
13205,0.0,0.0,0.0,0.0
13207,0.0,0.0,0.0,0.0
13209,0.0,0.0,0.0,0.0
13211,0.0,0.0,0.0,0.0
13213,0.0,0.0,0.0,0.0
13215,2.2,2.2,2.2,2.2
13217,0.0,0.0,0.0,0.0
13219,0.0,0.0,0.0,0.0
13221,0.0,0.0,0.0,0.0
13223,0.4,0.4,0.0,0.8
13225,0.0,0.0,0.0,0.0
13227,0.0,0.0,0.0,0.0
13229,0.0,0.0,0.0,0.0
13231,0.0,0.0,0.0,0.0
13233,0.0,0.0,0.0,0.0
13235,0.0,0.0,0.0,0.0
13237,0.0,0.0,0.0,0.0
13239,0.0,0.0,0.0,0.0
13241,0.0,0.0,0.0,0.0
13243,0.0,0.0,0.0,0.0
13245,0.95,0.95,0.0,1.9
13247,0.1,0.1,0.0,0.2
13249,0.0,0.0,0.0,0.0
13251,0.0,0.0,0.0,0.0
13253,0.0,0.0,0.0,0.0
13255,0.0,0.0,0.0,0.0
13257,0.3,0.3,0.0,0.6
13259,0.0,0.0,0.0,0.0
13261,0.0,0.0,0.0,0.0
13263,0.0,0.0,0.0,0.0
13265,0.0,0.0,0.0,0.0
13267,0.0,0.0,0.0,0.0
13269,0.0,0.0,0.0,0.0
13271,0.0,0.0,0.0,0.0
13273,0.0,0.0,0.0,0.0
13275,0.0,0.0,0.0,0.0
13277,0.0,0.0,0.0,0.0
13279,0.0,0.0,0.0,0.0
13281,0.0,0.0,0.0,0.0
13283,0.0,0.0,0.0,0.0
13285,0.0,0.0,0.0,0.0
13287,0.0,0.0,0.0,0.0
13289,0.0,0.0,0.0,0.0
13291,0.0,0.0,0.0,0.0
13293,0.0,0.0,0.0,0.0
13295,0.2333333333333333,0.0,0.0,1.4
13297,0.0,0.0,0.0,0.0
13299,0.0,0.0,0.0,0.0
13301,0.0,0.0,0.0,0.0
13303,0.0,0.0,0.0,0.0
13305,0.3,0.0,0.0,0.9
13307,0.0,0.0,0.0,0.0
13309,0.0,0.0,0.0,0.0
13311,0.0,0.0,0.0,0.0
13313,0.0,0.0,0.0,0.0
13315,0.0,0.0,0.0,0.0
13317,0.0,0.0,0.0,0.0
13319,0.0,0.0,0.0,0.0
13321,0.0,0.0,0.0,0.0
15001,0.8279069767441861,0.8,0.0,2.2
15003,5.015686274509804,5.2,1.2,8.1
15007,0.0,0.0,0.0,0.0
15009,1.2666666666666666,1.15,0.0,3.7
16001,1.4666666666666668,0.7,0.0,3.8
16003,0.0,0.0,0.0,0.0
16005,0.5999999999999999,0.0,0.0,2.8
16007,0.0,0.0,0.0,0.0
16009,0.41999999999999993,0.7,0.0,0.7
16011,0.03,0.0,0.0,0.3
16013,2.52,2.7,0.0,4.6
16015,0.0,0.0,0.0,0.0
16017,0.15,0.0,0.0,0.8
16019,0.5714285714285714,0.0,0.0,2.9
16021,0.0,0.0,0.0,0.0
16023,0.0,0.0,0.0,0.0
16025,0.0,0.0,0.0,0.0
16027,0.525,0.0,0.0,1.9
16029,0.0,0.0,0.0,0.0
16031,0.0,0.0,0.0,0.0
16033,0.0,0.0,0.0,0.0
16035,0.0,0.0,0.0,0.0
16037,0.0,0.0,0.0,0.0
16039,0.0,0.0,0.0,0.0
16041,0.18333333333333335,0.0,0.0,0.6
16043,0.0,0.0,0.0,0.0
16045,0.0,0.0,0.0,0.0
16047,0.0,0.0,0.0,0.0
16049,0.0,0.0,0.0,0.0
16051,0.0,0.0,0.0,0.0
16053,0.0,0.0,0.0,0.0
16055,0.76875,0.85,0.0,2.1
16057,0.0,0.0,0.0,0.0
16059,0.0,0.0,0.0,0.0
16061,0.0,0.0,0.0,0.0
16063,0.0,0.0,0.0,0.0
16065,0.0,0.0,0.0,0.0
16067,0.0,0.0,0.0,0.0
16069,0.26,0.0,0.0,1.3
16071,0.0,0.0,0.0,0.0
16073,0.0,0.0,0.0,0.0
16075,0.2333333333333333,0.0,0.0,0.7
16077,0.0,0.0,0.0,0.0
16079,0.0,0.0,0.0,0.0
16081,0.0,0.0,0.0,0.0
16083,0.0,0.0,0.0,0.0
16085,0.0,0.0,0.0,0.0
16087,0.0,0.0,0.0,0.0
17001,0.1357142857142857,0.0,0.0,1.9
17003,0.0,0.0,0.0,0.0
17005,0.0,0.0,0.0,0.0
17007,0.0,0.0,0.0,0.0
17009,0.0,0.0,0.0,0.0
17011,0.07727272727272728,0.0,0.0,1.3
17013,0.0,0.0,0.0,0.0
17015,0.0,0.0,0.0,0.0
17017,0.0,0.0,0.0,0.0
17019,0.96,0.0,0.0,8.3
17021,0.0,0.0,0.0,0.0
17023,0.0,0.0,0.0,0.0
17025,0.0,0.0,0.0,0.0
17027,0.0,0.0,0.0,0.0
17029,0.19999999999999998,0.0,0.0,1.2
17031,5.6000000000000005,5.9,0.9,9.2
17033,0.0,0.0,0.0,0.0
17035,0.0,0.0,0.0,0.0
17037,0.55,0.0,0.0,4.2
17039,0.0,0.0,0.0,0.0
17041,0.0,0.0,0.0,0.0
17043,3.5333333333333337,3.7,1.6,5.6
17045,0.0,0.0,0.0,0.0
17047,0.0,0.0,0.0,0.0
17049,0.15555555555555556,0.0,0.0,1.4
17051,0.0,0.0,0.0,0.0
17053,0.0,0.0,0.0,0.0
17055,0.0,0.0,0.0,0.0
17057,0.0,0.0,0.0,0.0
17059,0.0,0.0,0.0,0.0
17061,0.0,0.0,0.0,0.0
17063,0.0,0.0,0.0,0.0
17065,0.0,0.0,0.0,0.0
17067,0.0,0.0,0.0,0.0
17069,0.0,0.0,0.0,0.0
17071,0.025,0.0,0.0,0.2
17073,0.41538461538461535,0.0,0.0,2.8
17075,0.06,0.0,0.0,0.7
17077,0.0,0.0,0.0,0.0
17079,0.0,0.0,0.0,0.0
17081,0.0,0.0,0.0,0.0
17083,0.0,0.0,0.0,0.0
17085,0.008333333333333333,0.0,0.0,0.1
17087,0.0,0.0,0.0,0.0
17089,1.2777777777777777,0.35,0.0,4.1
17091,0.9333333333333333,0.0,0.0,4.8
17093,0.21428571428571427,0.0,0.0,1.5
17095,0.28125,0.0,0.0,4.2
17097,2.344,2.1,0.0,7.0
17099,0.08181818181818182,0.0,0.0,1.8
17101,0.0,0.0,0.0,0.0
17103,0.0,0.0,0.0,0.0
17105,0.16923076923076924,0.0,0.0,1.8
17107,0.13076923076923078,0.0,0.0,1.7
17109,0.6166666666666666,0.0,0.0,5.1
17111,1.4875,1.2000000000000002,0.0,4.7
17113,0.5545454545454546,0.0,0.0,6.1
17115,0.5692307692307692,0.0,0.0,4.0
17117,0.07083333333333333,0.0,0.0,1.7
17119,2.225,2.5,0.0,5.1
17121,0.024999999999999998,0.0,0.0,0.3
17123,0.0,0.0,0.0,0.0
17125,0.0,0.0,0.0,0.0
17127,0.0,0.0,0.0,0.0
17129,0.0,0.0,0.0,0.0
17131,0.0,0.0,0.0,0.0
17133,0.35,0.0,0.0,1.4
17135,0.0,0.0,0.0,0.0
17137,0.0,0.0,0.0,0.0
17139,0.0,0.0,0.0,0.0
17141,0.0,0.0,0.0,0.0
17143,0.79375,0.0,0.0,4.2
17145,0.3666666666666667,0.0,0.0,1.4
17147,0.0,0.0,0.0,0.0
17149,0.0,0.0,0.0,0.0
17151,0.0,0.0,0.0,0.0
17153,0.07142857142857142,0.0,0.0,0.5
17155,0.0,0.0,0.0,0.0
17157,0.0,0.0,0.0,0.0
17159,0.0,0.0,0.0,0.0
17161,3.2,3.7,0.0,7.4
17163,3.1766666666666667,1.7,0.0,8.6
17165,0.0,0.0,0.0,0.0
17167,1.05,0.0,0.0,5.3
17169,0.0,0.0,0.0,0.0
17171,0.0,0.0,0.0,0.0
17173,0.0,0.0,0.0,0.0
17175,0.0,0.0,0.0,0.0
17177,0.0,0.0,0.0,0.0
17179,0.3466666666666667,0.0,0.0,1.9
17181,0.0,0.0,0.0,0.0
17183,0.24761904761904763,0.0,0.0,2.9
17185,0.0,0.0,0.0,0.0
17187,0.0,0.0,0.0,0.0
17189,0.13333333333333333,0.0,0.0,0.7
17191,0.0,0.0,0.0,0.0
17193,0.0,0.0,0.0,0.0
17195,0.016666666666666666,0.0,0.0,0.2
17197,1.3095238095238095,0.9,0.0,3.5
17199,0.0,0.0,0.0,0.0
17201,0.5,0.15,0.0,1.7
17203,0.0,0.0,0.0,0.0
18001,0.0,0.0,0.0,0.0
18003,0.4222222222222222,0.0,0.0,2.8
18005,0.0,0.0,0.0,0.0
18007,0.0,0.0,0.0,0.0
18009,0.0,0.0,0.0,0.0
18011,0.0,0.0,0.0,0.0
18013,0.0,0.0,0.0,0.0
18015,0.0,0.0,0.0,0.0
18017,0.0,0.0,0.0,0.0
18019,0.7999999999999999,0.0,0.0,3.1
18021,0.0,0.0,0.0,0.0
18023,0.0,0.0,0.0,0.0
18025,0.0,0.0,0.0,0.0
18027,0.0,0.0,0.0,0.0
18029,0.0,0.0,0.0,0.0
18031,0.0,0.0,0.0,0.0
18033,0.2714285714285714,0.0,0.0,1.9
18035,0.9166666666666666,0.0,0.0,4.9
18037,0.0,0.0,0.0,0.0
18039,1.2444444444444445,0.0,0.0,3.4
18041,0.5,0.5,0.5,0.5
18043,0.6,0.0,0.0,2.4
18045,0.0,0.0,0.0,0.0
18047,0.0,0.0,0.0,0.0
18049,0.0,0.0,0.0,0.0
18051,0.0,0.0,0.0,0.0
18053,0.0,0.0,0.0,0.0
18055,0.0,0.0,0.0,0.0
18057,0.0,0.0,0.0,0.0
18059,0.0,0.0,0.0,0.0
18061,0.0,0.0,0.0,0.0
18063,0.07272727272727274,0.0,0.0,0.5
18065,0.0,0.0,0.0,0.0
18067,0.0,0.0,0.0,0.0
18069,0.0,0.0,0.0,0.0
18071,0.0,0.0,0.0,0.0
18073,0.24,0.0,0.0,1.0
18075,0.0,0.0,0.0,0.0
18077,0.0,0.0,0.0,0.0
18079,0.0,0.0,0.0,0.0
18081,0.19999999999999998,0.0,0.0,1.4
18083,0.0,0.0,0.0,0.0
18085,0.0,0.0,0.0,0.0
18087,0.0,0.0,0.0,0.0
18089,0.5571428571428572,0.2,0.0,4.2
18091,0.58,0.0,0.0,2.5
18093,0.0,0.0,0.0,0.0
18095,0.0,0.0,0.0,0.0
18097,4.706666666666666,5.0,0.0,7.7
18099,0.0,0.0,0.0,0.0
18101,0.0,0.0,0.0,0.0
18103,0.0,0.0,0.0,0.0
18105,1.0,0.0,0.0,4.9
18107,0.049999999999999996,0.0,0.0,0.6
18109,0.0,0.0,0.0,0.0
18111,0.0,0.0,0.0,0.0
18113,0.0,0.0,0.0,0.0
18115,0.0,0.0,0.0,0.0
18117,0.0,0.0,0.0,0.0
18119,0.0,0.0,0.0,0.0
18121,0.0,0.0,0.0,0.0
18123,0.0,0.0,0.0,0.0
18125,0.0,0.0,0.0,0.0
18127,0.68125,0.0,0.0,4.1
18129,0.0,0.0,0.0,0.0
18131,0.0,0.0,0.0,0.0
18133,0.0,0.0,0.0,0.0
18135,0.0,0.0,0.0,0.0
18137,0.0,0.0,0.0,0.0
18139,0.0,0.0,0.0,0.0
18141,2.354545454545455,3.0,0.0,5.5
18143,0.0,0.0,0.0,0.0
18145,0.0,0.0,0.0,0.0
18147,0.0,0.0,0.0,0.0
18149,0.0,0.0,0.0,0.0
18151,0.0,0.0,0.0,0.0
18153,0.0,0.0,0.0,0.0
18155,0.0,0.0,0.0,0.0
18157,1.0,0.0,0.0,6.6
18159,0.0,0.0,0.0,0.0
18161,0.0,0.0,0.0,0.0
18163,1.175,0.55,0.0,3.6
18165,0.0,0.0,0.0,0.0
18167,0.31666666666666665,0.0,0.0,2.4
18169,0.0,0.0,0.0,0.0
18171,0.0,0.0,0.0,0.0
18173,0.0,0.0,0.0,0.0
18175,0.0,0.0,0.0,0.0
18177,0.0,0.0,0.0,0.0
18179,0.0,0.0,0.0,0.0
18181,0.0,0.0,0.0,0.0
18183,0.0,0.0,0.0,0.0
19001,0.0,0.0,0.0,0.0
19003,0.0,0.0,0.0,0.0
19005,0.0,0.0,0.0,0.0
19007,0.0,0.0,0.0,0.0
19009,0.0,0.0,0.0,0.0
19011,0.0,0.0,0.0,0.0
19013,0.48999999999999994,0.0,0.0,2.4
19015,0.0,0.0,0.0,0.0
19017,0.0,0.0,0.0,0.0
19019,0.0,0.0,0.0,0.0
19021,0.0,0.0,0.0,0.0
19023,0.0,0.0,0.0,0.0
19025,0.0,0.0,0.0,0.0
19027,0.0,0.0,0.0,0.0
19029,0.0,0.0,0.0,0.0
19031,0.0,0.0,0.0,0.0
19033,0.325,0.0,0.0,3.1
19035,0.0,0.0,0.0,0.0
19037,0.0,0.0,0.0,0.0
19039,0.3,0.0,0.0,0.9
19041,0.0,0.0,0.0,0.0
19043,0.0,0.0,0.0,0.0
19045,0.2642857142857143,0.0,0.0,3.5
19047,0.0,0.0,0.0,0.0
19049,0.016666666666666666,0.0,0.0,0.2
19051,0.0,0.0,0.0,0.0
19053,0.0,0.0,0.0,0.0
19055,0.0,0.0,0.0,0.0
19057,0.6166666666666667,0.05,0.0,2.0
19059,0.0,0.0,0.0,0.0
19061,0.48888888888888893,0.0,0.0,4.8
19063,0.0,0.0,0.0,0.0
19065,0.0,0.0,0.0,0.0
19067,0.0,0.0,0.0,0.0
19069,0.0,0.0,0.0,0.0
19071,0.0,0.0,0.0,0.0
19073,0.0,0.0,0.0,0.0
19075,0.0,0.0,0.0,0.0
19077,0.0,0.0,0.0,0.0
19079,0.0,0.0,0.0,0.0
19081,0.0,0.0,0.0,0.0
19083,0.0,0.0,0.0,0.0
19085,0.0,0.0,0.0,0.0
19087,0.08,0.0,0.0,0.8
19089,0.0,0.0,0.0,0.0
19091,0.0,0.0,0.0,0.0
19093,0.0,0.0,0.0,0.0
19095,0.0,0.0,0.0,0.0
19097,0.0,0.0,0.0,0.0
19099,0.0,0.0,0.0,0.0
19101,0.0,0.0,0.0,0.0
19103,1.4833333333333334,0.0,0.0,7.2
19105,0.0,0.0,0.0,0.0
19107,0.0,0.0,0.0,0.0
19109,0.0,0.0,0.0,0.0
19111,0.06666666666666667,0.0,0.0,0.6
19113,0.7058823529411765,0.0,0.0,3.4
19115,0.0,0.0,0.0,0.0
19117,0.0,0.0,0.0,0.0
19119,0.0,0.0,0.0,0.0
19121,0.0,0.0,0.0,0.0
19123,0.3625,0.0,0.0,1.4
19125,0.0,0.0,0.0,0.0
19127,0.2076923076923077,0.0,0.0,2.1
19129,0.0,0.0,0.0,0.0
19131,0.0,0.0,0.0,0.0
19133,0.0,0.0,0.0,0.0
19135,0.0,0.0,0.0,0.0
19137,0.0,0.0,0.0,0.0
19139,0.6428571428571429,0.0,0.0,3.1
19141,0.0,0.0,0.0,0.0
19143,0.0,0.0,0.0,0.0
19145,0.0,0.0,0.0,0.0
19147,0.0,0.0,0.0,0.0
19149,0.0,0.0,0.0,0.0
19151,0.0,0.0,0.0,0.0
19153,1.0909090909090908,1.1,0.0,4.4
19155,0.24705882352941178,0.0,0.0,2.3
19157,0.0,0.0,0.0,0.0
19159,0.0,0.0,0.0,0.0
19161,0.0,0.0,0.0,0.0
19163,0.7599999999999999,0.0,0.0,3.8
19165,0.0,0.0,0.0,0.0
19167,0.0,0.0,0.0,0.0
19169,0.5,0.0,0.0,6.5
19171,0.0,0.0,0.0,0.0
19173,0.0,0.0,0.0,0.0
19175,0.1285714285714286,0.0,0.0,0.9
19177,0.0,0.0,0.0,0.0
19179,0.06666666666666667,0.0,0.0,0.4
19181,0.0,0.0,0.0,0.0
19183,0.0,0.0,0.0,0.0
19185,0.0,0.0,0.0,0.0
19187,0.38571428571428573,0.0,0.0,3.9
19189,0.0,0.0,0.0,0.0
19191,0.0,0.0,0.0,0.0
19193,0.10666666666666667,0.0,0.0,1.6
19195,0.0,0.0,0.0,0.0
19197,0.0,0.0,0.0,0.0
20001,0.0,0.0,0.0,0.0
20003,0.0,0.0,0.0,0.0
20005,0.0,0.0,0.0,0.0
20007,0.0,0.0,0.0,0.0
20009,0.0,0.0,0.0,0.0
20011,0.0,0.0,0.0,0.0
20013,0.0,0.0,0.0,0.0
20015,0.0,0.0,0.0,0.0
20017,0.0,0.0,0.0,0.0
20019,0.0,0.0,0.0,0.0
20021,0.0,0.0,0.0,0.0
20023,0.0,0.0,0.0,0.0
20025,0.0,0.0,0.0,0.0
20027,0.0,0.0,0.0,0.0
20029,0.0,0.0,0.0,0.0
20031,0.0,0.0,0.0,0.0
20033,0.0,0.0,0.0,0.0
20035,0.0,0.0,0.0,0.0
20037,0.0,0.0,0.0,0.0
20039,0.0,0.0,0.0,0.0
20041,0.0,0.0,0.0,0.0
20043,0.06666666666666667,0.0,0.0,0.3
20045,1.525,0.3,0.0,5.5
20047,0.0,0.0,0.0,0.0
20049,0.0,0.0,0.0,0.0
20051,0.0,0.0,0.0,0.0
20053,0.0,0.0,0.0,0.0
20055,0.15,0.15,0.0,0.3
20057,0.17142857142857143,0.0,0.0,0.6
20059,0.0,0.0,0.0,0.0
20061,0.0,0.0,0.0,0.0
20063,0.0,0.0,0.0,0.0
20065,0.0,0.0,0.0,0.0
20067,0.0,0.0,0.0,0.0
20069,0.0,0.0,0.0,0.0
20071,0.0,0.0,0.0,0.0
20073,0.0,0.0,0.0,0.0
20075,0.0,0.0,0.0,0.0
20077,0.0,0.0,0.0,0.0
20079,0.13333333333333333,0.0,0.0,0.7
20081,0.0,0.0,0.0,0.0
20083,0.0,0.0,0.0,0.0
20085,0.0,0.0,0.0,0.0
20087,0.0,0.0,0.0,0.0
20089,0.0,0.0,0.0,0.0
20091,2.46875,2.5,0.6,5.3
20093,0.0,0.0,0.0,0.0
20095,0.0,0.0,0.0,0.0
20097,0.0,0.0,0.0,0.0
20099,0.0,0.0,0.0,0.0
20101,0.0,0.0,0.0,0.0
20103,0.0,0.0,0.0,0.0
20105,0.0,0.0,0.0,0.0
20107,0.0,0.0,0.0,0.0
20109,0.0,0.0,0.0,0.0
20111,0.0,0.0,0.0,0.0
20113,0.0,0.0,0.0,0.0
20115,0.0,0.0,0.0,0.0
20117,0.0,0.0,0.0,0.0
20119,0.0,0.0,0.0,0.0
20121,0.0,0.0,0.0,0.0
20123,0.0,0.0,0.0,0.0
20125,0.0,0.0,0.0,0.0
20127,0.0,0.0,0.0,0.0
20129,0.0,0.0,0.0,0.0
20131,0.0,0.0,0.0,0.0
20133,0.0,0.0,0.0,0.0
20135,0.0,0.0,0.0,0.0
20137,0.0,0.0,0.0,0.0
20139,0.0,0.0,0.0,0.0
20141,0.0,0.0,0.0,0.0
20143,0.0,0.0,0.0,0.0
20145,0.0,0.0,0.0,0.0
20147,0.0,0.0,0.0,0.0
20149,0.0,0.0,0.0,0.0
20151,0.0,0.0,0.0,0.0
20153,0.0,0.0,0.0,0.0
20155,0.02,0.0,0.0,0.3
20157,0.0,0.0,0.0,0.0
20159,0.0,0.0,0.0,0.0
20161,0.0,0.0,0.0,0.0
20163,0.0,0.0,0.0,0.0
20165,0.0,0.0,0.0,0.0
20167,0.0,0.0,0.0,0.0
20169,0.65,0.0,0.0,3.3
20171,0.0,0.0,0.0,0.0
20173,0.495,0.0,0.0,2.8
20175,0.0,0.0,0.0,0.0
20177,0.6799999999999999,0.0,0.0,3.4
20179,0.0,0.0,0.0,0.0
20181,0.0,0.0,0.0,0.0
20183,0.0,0.0,0.0,0.0
20185,0.0,0.0,0.0,0.0
20187,0.0,0.0,0.0,0.0
20189,0.0,0.0,0.0,0.0
20191,0.0,0.0,0.0,0.0
20193,0.0,0.0,0.0,0.0
20195,0.0,0.0,0.0,0.0
20197,0.0,0.0,0.0,0.0
20199,0.0,0.0,0.0,0.0
20201,0.0,0.0,0.0,0.0
20203,0.0,0.0,0.0,0.0
20205,0.0,0.0,0.0,0.0
20207,0.0,0.0,0.0,0.0
20209,1.8,1.8,0.0,3.6
21001,0.0,0.0,0.0,0.0
21003,0.0,0.0,0.0,0.0
21005,0.0,0.0,0.0,0.0
21007,0.0,0.0,0.0,0.0
21009,0.0,0.0,0.0,0.0
21011,0.0,0.0,0.0,0.0
21013,0.0,0.0,0.0,0.0
21015,0.9199999999999999,0.5,0.0,3.4
21017,0.0,0.0,0.0,0.0
21019,1.72,2.0,0.0,2.9
21021,0.6,0.6,0.0,1.2
21023,0.0,0.0,0.0,0.0
21025,0.0,0.0,0.0,0.0
21027,0.0,0.0,0.0,0.0
21029,0.21111111111111114,0.0,0.0,0.8
21031,0.0,0.0,0.0,0.0
21033,0.0,0.0,0.0,0.0
21035,0.0,0.0,0.0,0.0
21037,2.56875,3.1,0.0,6.1
21039,0.0,0.0,0.0,0.0
21041,0.0,0.0,0.0,0.0
21043,0.0,0.0,0.0,0.0
21045,0.0,0.0,0.0,0.0
21047,0.09999999999999999,0.0,0.0,0.4
21049,0.0,0.0,0.0,0.0
21051,0.0,0.0,0.0,0.0
21053,0.0,0.0,0.0,0.0
21055,0.0,0.0,0.0,0.0
21057,0.0,0.0,0.0,0.0
21059,0.6799999999999999,0.0,0.0,3.4
21061,0.0,0.0,0.0,0.0
21063,0.0,0.0,0.0,0.0
21065,0.0,0.0,0.0,0.0
21067,3.8,3.8,3.8,3.8
21069,0.0,0.0,0.0,0.0
21071,0.0,0.0,0.0,0.0
21073,0.0,0.0,0.0,0.0
21075,0.20000000000000004,0.2,0.0,0.4
21077,0.0,0.0,0.0,0.0
21079,0.0,0.0,0.0,0.0
21081,0.0,0.0,0.0,0.0
21083,0.0,0.0,0.0,0.0
21085,0.0,0.0,0.0,0.0
21087,0.0,0.0,0.0,0.0
21089,0.3375,0.0,0.0,1.3
21091,0.0,0.0,0.0,0.0
21093,0.0,0.0,0.0,0.0
21095,0.0,0.0,0.0,0.0
21097,0.0,0.0,0.0,0.0
21099,0.0,0.0,0.0,0.0
21101,0.6,0.0,0.0,3.0
21103,0.0,0.0,0.0,0.0
21105,0.0,0.0,0.0,0.0
21107,0.0,0.0,0.0,0.0
21109,0.0,0.0,0.0,0.0
21111,3.836904761904762,4.0,0.0,7.3
21113,0.39999999999999997,0.0,0.0,1.2
21115,0.0,0.0,0.0,0.0
21117,3.070588235294118,2.6,0.2,5.9
21119,0.0,0.0,0.0,0.0
21121,0.0,0.0,0.0,0.0
21123,0.0,0.0,0.0,0.0
21125,0.0,0.0,0.0,0.0
21127,0.0,0.0,0.0,0.0
21129,0.0,0.0,0.0,0.0
21131,0.0,0.0,0.0,0.0
21133,0.0,0.0,0.0,0.0
21135,0.0,0.0,0.0,0.0
21137,0.0,0.0,0.0,0.0
21139,0.0,0.0,0.0,0.0
21141,0.0,0.0,0.0,0.0
21143,0.0,0.0,0.0,0.0
21145,1.06,1.0,0.0,2.2
21147,0.0,0.0,0.0,0.0
21149,0.0,0.0,0.0,0.0
21151,0.0,0.0,0.0,0.0
21153,0.0,0.0,0.0,0.0
21155,0.0,0.0,0.0,0.0
21157,0.0,0.0,0.0,0.0
21159,0.0,0.0,0.0,0.0
21161,0.09999999999999999,0.0,0.0,0.3
21163,0.0,0.0,0.0,0.0
21165,0.0,0.0,0.0,0.0
21167,0.0,0.0,0.0,0.0
21169,0.0,0.0,0.0,0.0
21171,0.0,0.0,0.0,0.0
21173,0.0,0.0,0.0,0.0
21175,0.0,0.0,0.0,0.0
21177,0.0,0.0,0.0,0.0
21179,0.0,0.0,0.0,0.0
21181,0.0,0.0,0.0,0.0
21183,0.0,0.0,0.0,0.0
21185,0.2375,0.0,0.0,0.7
21187,0.0,0.0,0.0,0.0
21189,0.0,0.0,0.0,0.0
21191,0.0,0.0,0.0,0.0
21193,0.0,0.0,0.0,0.0
21195,0.14444444444444446,0.0,0.0,0.7
21197,0.0,0.0,0.0,0.0
21199,0.0,0.0,0.0,0.0
21201,0.0,0.0,0.0,0.0
21203,0.0,0.0,0.0,0.0
21205,0.0,0.0,0.0,0.0
21207,0.0,0.0,0.0,0.0
21209,0.3333333333333333,0.0,0.0,1.0
21211,0.0,0.0,0.0,0.0
21213,0.0,0.0,0.0,0.0
21215,0.0,0.0,0.0,0.0
21217,0.0,0.0,0.0,0.0
21219,0.0,0.0,0.0,0.0
21221,0.0,0.0,0.0,0.0
21223,0.0,0.0,0.0,0.0
21225,0.0,0.0,0.0,0.0
21227,0.5,0.0,0.0,2.2
21229,0.0,0.0,0.0,0.0
21231,0.0,0.0,0.0,0.0
21233,0.0,0.0,0.0,0.0
21235,0.0,0.0,0.0,0.0
21237,0.0,0.0,0.0,0.0
21239,0.0,0.0,0.0,0.0
22001,0.0,0.0,0.0,0.0
22003,0.0,0.0,0.0,0.0
22005,0.0,0.0,0.0,0.0
22007,0.0,0.0,0.0,0.0
22009,0.0,0.0,0.0,0.0
22011,0.0,0.0,0.0,0.0
22013,0.0,0.0,0.0,0.0
22015,0.2833333333333333,0.0,0.0,1.7
22017,0.33636363636363636,0.0,0.0,1.6
22019,0.20833333333333334,0.0,0.0,2.1
22021,0.0,0.0,0.0,0.0
22023,0.0,0.0,0.0,0.0
22025,0.0,0.0,0.0,0.0
22027,0.0,0.0,0.0,0.0
22029,0.0,0.0,0.0,0.0
22031,0.0,0.0,0.0,0.0
22033,2.15,2.1,0.0,4.5
22035,0.0,0.0,0.0,0.0
22037,0.0,0.0,0.0,0.0
22039,0.0,0.0,0.0,0.0
22041,0.0,0.0,0.0,0.0
22043,0.0,0.0,0.0,0.0
22045,0.1,0.0,0.0,0.4
22047,0.0,0.0,0.0,0.0
22049,0.0,0.0,0.0,0.0
22051,2.242857142857143,2.8,0.0,4.9
22053,0.0,0.0,0.0,0.0
22055,0.7333333333333334,0.25,0.0,3.3
22057,0.2928571428571428,0.0,0.0,2.5
22059,0.0,0.0,0.0,0.0
22061,0.0,0.0,0.0,0.0
22063,0.0,0.0,0.0,0.0
22065,0.0,0.0,0.0,0.0
22067,0.0,0.0,0.0,0.0
22069,0.0,0.0,0.0,0.0
22071,7.4,7.4,7.4,7.4
22073,0.8699999999999999,0.0,0.0,3.8
22075,0.025,0.0,0.0,0.2
22077,0.0,0.0,0.0,0.0
22079,0.0,0.0,0.0,0.0
22081,0.0,0.0,0.0,0.0
22083,0.0,0.0,0.0,0.0
22085,0.0,0.0,0.0,0.0
22087,1.86,1.4,0.5,4.0
22089,0.0,0.0,0.0,0.0
22091,0.0,0.0,0.0,0.0
22093,0.0,0.0,0.0,0.0
22095,0.0,0.0,0.0,0.0
22097,0.0,0.0,0.0,0.0
22099,0.0,0.0,0.0,0.0
22101,0.0,0.0,0.0,0.0
22103,0.03,0.0,0.0,0.3
22105,0.07777777777777778,0.0,0.0,0.6
22107,0.0,0.0,0.0,0.0
22109,1.1444444444444446,1.2,0.0,3.0
22111,0.0,0.0,0.0,0.0
22113,0.0,0.0,0.0,0.0
22115,0.0,0.0,0.0,0.0
22117,0.0,0.0,0.0,0.0
22119,0.0,0.0,0.0,0.0
22121,0.0,0.0,0.0,0.0
22123,0.0,0.0,0.0,0.0
22125,0.0,0.0,0.0,0.0
22127,0.0,0.0,0.0,0.0
23001,0.8,0.0,0.0,2.2
23003,0.0,0.0,0.0,0.0
23005,1.5,0.6,0.0,6.1
23007,0.0,0.0,0.0,0.0
23009,0.0,0.0,0.0,0.0
23011,0.75,0.45,0.0,2.0
23013,0.0,0.0,0.0,0.0
23015,0.0,0.0,0.0,0.0
23017,0.0,0.0,0.0,0.0
23019,0.9249999999999999,0.15,0.0,3.3
23021,0.0,0.0,0.0,0.0
23023,0.1,0.0,0.0,0.4
23025,0.1625,0.0,0.0,1.3
23027,0.0,0.0,0.0,0.0
23029,0.0,0.0,0.0,0.0
23031,0.6375,0.0,0.0,2.9
24001,0.8590909090909092,0.8,0.0,3.2
24003,1.864516129032258,1.1,0.0,7.8
24005,4.658064516129032,5.3,0.0,8.7
24009,1.3642857142857143,1.3,0.5,2.2
24011,0.48333333333333334,0.5,0.0,1.6
24013,0.5125,0.4,0.0,1.2
24015,1.3375,0.85,0.0,4.4
24017,1.4384615384615385,1.5,0.0,3.3
24019,0.55,0.0,0.0,3.0
24021,0.8666666666666667,0.55,0.0,4.5
24023,0.0,0.0,0.0,0.0
24025,1.54,1.6,0.0,4.6
24027,2.4444444444444446,2.3,0.2,4.7
24029,0.45454545454545453,0.5,0.0,1.3
24031,6.407407407407407,7.05,1.5,9.4
24033,5.65,6.85,0.0,9.1
24035,0.82,0.9500000000000001,0.0,1.3
24037,1.2555555555555555,1.2,0.0,2.7
24039,0.49090909090909096,0.0,0.0,2.9
24041,0.9,0.8500000000000001,0.0,2.4
24043,0.4131147540983606,0.0,0.0,2.3
24045,0.47368421052631576,0.0,0.0,2.0
24047,1.2909090909090908,0.8,0.0,5.3
24510,8.4,8.4,8.4,8.4
25001,1.04,1.2,0.0,3.1
25003,2.1333333333333333,2.0,1.5,2.7
25005,2.1928571428571426,2.2,0.1,5.0
25007,4.55,4.55,3.5,5.6
25009,3.470833333333333,3.3,0.0,7.4
25011,1.2428571428571427,1.0,0.0,2.6
25013,2.2785714285714285,1.6,0.0,6.9
25015,1.3000000000000003,1.3,0.0,4.0
25017,4.613888888888889,4.4,0.0,9.1
25019,2.4,2.0,0.1,5.1
25021,4.083333333333333,4.85,0.0,9.3
25023,2.0307692307692307,1.75,0.0,6.5
25025,8.6,8.8,7.5,9.3
25027,1.290909090909091,1.1,0.0,5.7
26001,0.0,0.0,0.0,0.0
26003,0.0,0.0,0.0,0.0
26005,0.0,0.0,0.0,0.0
26007,0.0,0.0,0.0,0.0
26009,0.0,0.0,0.0,0.0
26011,0.11666666666666665,0.0,0.0,0.7
26013,0.0,0.0,0.0,0.0
26015,0.0,0.0,0.0,0.0
26017,2.825,2.8,1.2,4.5
26019,0.0,0.0,0.0,0.0
26021,0.2409090909090909,0.0,0.0,2.0
26023,0.0,0.0,0.0,0.0
26025,0.86,0.45,0.0,3.3
26027,0.36,0.0,0.0,1.8
26029,0.0,0.0,0.0,0.0
26031,0.0,0.0,0.0,0.0
26033,0.0,0.0,0.0,0.0
26035,0.0,0.0,0.0,0.0
26037,0.0,0.0,0.0,0.0
26039,0.0,0.0,0.0,0.0
26041,0.0,0.0,0.0,0.0
26043,0.0,0.0,0.0,0.0
26045,0.26,0.0,0.0,2.4
26047,0.0,0.0,0.0,0.0
26049,1.0625,0.0,0.0,5.0
26051,0.0,0.0,0.0,0.0
26053,0.0,0.0,0.0,0.0
26055,0.86,1.0,0.0,1.4
26057,0.0,0.0,0.0,0.0
26059,0.0,0.0,0.0,0.0
26061,0.0,0.0,0.0,0.0
26063,0.0,0.0,0.0,0.0
26065,1.73,0.9500000000000001,0.0,4.9
26067,0.0,0.0,0.0,0.0
26069,0.0,0.0,0.0,0.0
26071,0.0,0.0,0.0,0.0
26073,0.0,0.0,0.0,0.0
26075,0.3333333333333333,0.0,0.0,3.4
26077,1.7000000000000002,0.1,0.0,4.7
26079,0.0,0.0,0.0,0.0
26081,2.0999999999999996,0.6000000000000001,0.0,6.5
26083,0.0,0.0,0.0,0.0
26085,0.0,0.0,0.0,0.0
26087,0.08888888888888889,0.0,0.0,0.8
26089,0.44000000000000006,0.3,0.0,1.1
26091,0.0,0.0,0.0,0.0
26093,0.0,0.0,0.0,0.0
26095,0.0,0.0,0.0,0.0
26097,0.0,0.0,0.0,0.0
26099,3.0153846153846158,3.7,0.0,5.5
26101,0.0,0.0,0.0,0.0
26103,1.0166666666666666,0.8,0.0,2.8
26105,0.0,0.0,0.0,0.0
26107,0.08333333333333333,0.0,0.0,0.5
26109,0.0,0.0,0.0,0.0
26111,0.0,0.0,0.0,0.0
26113,0.0,0.0,0.0,0.0
26115,0.5133333333333333,0.0,0.0,3.6
26117,0.0,0.0,0.0,0.0
26119,0.0,0.0,0.0,0.0
26121,1.325,1.1,0.0,2.7
26123,0.0,0.0,0.0,0.0
26125,2.3000000000000003,2.0,0.0,6.6
26127,0.0,0.0,0.0,0.0
26129,0.0,0.0,0.0,0.0
26131,0.0,0.0,0.0,0.0
26133,0.0,0.0,0.0,0.0
26135,0.0,0.0,0.0,0.0
26137,0.0,0.0,0.0,0.0
26139,1.011111111111111,0.0,0.0,4.2
26141,0.0,0.0,0.0,0.0
26143,0.0,0.0,0.0,0.0
26145,0.7333333333333333,0.0,0.0,4.7
26147,0.8444444444444446,0.4,0.0,5.3
26149,0.0,0.0,0.0,0.0
26151,0.0,0.0,0.0,0.0
26153,0.0,0.0,0.0,0.0
26155,0.09999999999999999,0.0,0.0,1.2
26157,0.0,0.0,0.0,0.0
26159,0.11000000000000001,0.0,0.0,1.1
26161,2.542857142857143,0.6,0.0,7.9
26163,3.3129032258064517,3.3,0.0,8.0
26165,0.0,0.0,0.0,0.0
27001,0.0,0.0,0.0,0.0
27003,1.8777777777777775,0.6,0.0,7.0
27005,0.11000000000000001,0.0,0.0,1.1
27007,0.0,0.0,0.0,0.0
27009,0.76,0.0,0.0,3.8
27011,0.0,0.0,0.0,0.0
27013,0.0,0.0,0.0,0.0
27015,0.0,0.0,0.0,0.0
27017,0.0,0.0,0.0,0.0
27019,0.19,0.0,0.0,1.2
27021,0.0,0.0,0.0,0.0
27023,0.0,0.0,0.0,0.0
27025,0.03,0.0,0.0,0.3
27027,0.7250000000000001,0.0,0.0,4.7
27029,0.0,0.0,0.0,0.0
27031,0.0,0.0,0.0,0.0
27033,0.0,0.0,0.0,0.0
27035,0.0,0.0,0.0,0.0
27037,2.0526315789473686,1.8,0.0,6.0
27039,0.5166666666666667,0.44999999999999996,0.0,1.1
27041,0.0,0.0,0.0,0.0
27043,0.0,0.0,0.0,0.0
27045,0.1,0.0,0.0,0.8
27047,0.0,0.0,0.0,0.0
27049,0.2857142857142857,0.0,0.0,1.0
27051,0.0,0.0,0.0,0.0
27053,2.9435897435897433,2.2,0.0,8.3
27055,0.0,0.0,0.0,0.0
27057,0.0,0.0,0.0,0.0
27059,0.0,0.0,0.0,0.0
27061,0.0,0.0,0.0,0.0
27063,0.0,0.0,0.0,0.0
27065,0.0,0.0,0.0,0.0
27067,0.0,0.0,0.0,0.0
27069,0.0,0.0,0.0,0.0
27071,0.0,0.0,0.0,0.0
27073,0.0,0.0,0.0,0.0
27075,0.0,0.0,0.0,0.0
27077,0.0,0.0,0.0,0.0
27079,0.0,0.0,0.0,0.0
27081,0.0,0.0,0.0,0.0
27083,0.0,0.0,0.0,0.0
27085,0.0,0.0,0.0,0.0
27087,0.0,0.0,0.0,0.0
27089,0.0,0.0,0.0,0.0
27091,0.0,0.0,0.0,0.0
27093,0.0,0.0,0.0,0.0
27095,0.0,0.0,0.0,0.0
27097,0.0,0.0,0.0,0.0
27099,0.23333333333333334,0.2,0.0,0.6
27101,0.0,0.0,0.0,0.0
27103,0.0,0.0,0.0,0.0
27105,0.0,0.0,0.0,0.0
27107,0.0,0.0,0.0,0.0
27109,0.7166666666666667,0.85,0.0,1.1
27111,0.0,0.0,0.0,0.0
27113,0.0,0.0,0.0,0.0
27115,0.0,0.0,0.0,0.0
27117,0.0,0.0,0.0,0.0
27119,0.17333333333333334,0.0,0.0,2.6
27121,0.0,0.0,0.0,0.0
27123,4.3428571428571425,4.9,1.1,7.7
27125,0.0,0.0,0.0,0.0
27127,0.0,0.0,0.0,0.0
27129,0.0,0.0,0.0,0.0
27131,0.0,0.0,0.0,0.0
27133,0.0,0.0,0.0,0.0
27135,0.0,0.0,0.0,0.0
27137,0.38620689655172413,0.0,0.0,5.4
27139,0.85,0.55,0.0,2.8
27141,0.4,0.5,0.0,0.9
27143,0.0,0.0,0.0,0.0
27145,0.1962962962962963,0.0,0.0,4.0
27147,0.03333333333333333,0.0,0.0,0.1
27149,0.0,0.0,0.0,0.0
27151,0.0,0.0,0.0,0.0
27153,0.0,0.0,0.0,0.0
27155,0.0,0.0,0.0,0.0
27157,0.4125,0.4,0.0,0.8
27159,0.0,0.0,0.0,0.0
27161,0.0,0.0,0.0,0.0
27163,1.052,0.7,0.0,5.1
27165,0.0,0.0,0.0,0.0
27167,0.0,0.0,0.0,0.0
27169,0.3,0.4,0.0,0.7
27171,0.014285714285714287,0.0,0.0,0.2
27173,0.0,0.0,0.0,0.0
28001,0.0,0.0,0.0,0.0
28003,0.0,0.0,0.0,0.0
28005,0.0,0.0,0.0,0.0
28007,0.0,0.0,0.0,0.0
28009,0.0,0.0,0.0,0.0
28011,0.0,0.0,0.0,0.0
28013,0.0,0.0,0.0,0.0
28015,0.0,0.0,0.0,0.0
28017,0.0,0.0,0.0,0.0
28019,0.0,0.0,0.0,0.0
28021,0.0,0.0,0.0,0.0
28023,0.0,0.0,0.0,0.0
28025,0.0,0.0,0.0,0.0
28027,0.0,0.0,0.0,0.0
28029,0.25,0.0,0.0,1.0
28031,0.0,0.0,0.0,0.0
28033,0.014285714285714287,0.0,0.0,0.1
28035,0.06666666666666667,0.1,0.0,0.1
28037,0.0,0.0,0.0,0.0
28039,0.0,0.0,0.0,0.0
28041,0.0,0.0,0.0,0.0
28043,0.0,0.0,0.0,0.0
28045,0.0,0.0,0.0,0.0
28047,0.8555555555555556,0.0,0.0,2.7
28049,0.0,0.0,0.0,0.0
28051,0.0,0.0,0.0,0.0
28053,0.0,0.0,0.0,0.0
28055,0.0,0.0,0.0,0.0
28057,0.0,0.0,0.0,0.0
28059,0.31428571428571433,0.0,0.0,1.8
28061,0.0,0.0,0.0,0.0
28063,0.0,0.0,0.0,0.0
28065,0.0,0.0,0.0,0.0
28067,0.1,0.0,0.0,0.5
28069,0.0,0.0,0.0,0.0
28071,0.0,0.0,0.0,0.0
28073,0.675,0.65,0.0,1.4
28075,0.028571428571428574,0.0,0.0,0.2
28077,0.0,0.0,0.0,0.0
28079,0.0,0.0,0.0,0.0
28081,0.0,0.0,0.0,0.0
28083,0.11666666666666665,0.0,0.0,0.7
28085,0.7,0.7,0.7,0.7
28087,0.0,0.0,0.0,0.0
28089,0.08,0.0,0.0,0.4
28091,0.0,0.0,0.0,0.0
28093,0.0,0.0,0.0,0.0
28095,0.0,0.0,0.0,0.0
28097,0.0,0.0,0.0,0.0
28099,0.0,0.0,0.0,0.0
28101,0.0,0.0,0.0,0.0
28103,0.0,0.0,0.0,0.0
28105,0.0,0.0,0.0,0.0
28107,0.0,0.0,0.0,0.0
28109,0.175,0.05,0.0,0.6
28111,0.0,0.0,0.0,0.0
28113,0.19999999999999998,0.05,0.0,0.7
28115,0.0,0.0,0.0,0.0
28117,0.0,0.0,0.0,0.0
28119,0.24,0.0,0.0,1.2
28121,0.011111111111111112,0.0,0.0,0.1
28123,0.0,0.0,0.0,0.0
28125,0.0,0.0,0.0,0.0
28127,0.0,0.0,0.0,0.0
28129,0.0,0.0,0.0,0.0
28131,0.0,0.0,0.0,0.0
28133,0.0,0.0,0.0,0.0
28135,0.0,0.0,0.0,0.0
28137,0.0,0.0,0.0,0.0
28139,0.0,0.0,0.0,0.0
28141,0.0,0.0,0.0,0.0
28143,0.0,0.0,0.0,0.0
28145,0.0,0.0,0.0,0.0
28147,0.0,0.0,0.0,0.0
28149,0.0,0.0,0.0,0.0
28151,0.0,0.0,0.0,0.0
28153,0.0,0.0,0.0,0.0
28155,0.0,0.0,0.0,0.0
28157,0.0,0.0,0.0,0.0
28159,0.0,0.0,0.0,0.0
28161,0.0,0.0,0.0,0.0
28163,0.15,0.0,0.0,0.6
29001,0.06000000000000001,0.1,0.0,0.1
29003,0.2125,0.0,0.0,1.7
29005,0.0,0.0,0.0,0.0
29007,0.0,0.0,0.0,0.0
29009,0.0,0.0,0.0,0.0
29011,0.0,0.0,0.0,0.0
29013,0.0,0.0,0.0,0.0
29015,0.0,0.0,0.0,0.0
29017,0.0,0.0,0.0,0.0
29019,0.36,0.0,0.0,3.5
29021,0.7999999999999999,0.0,0.0,3.6
29023,0.08,0.0,0.0,0.4
29025,0.0,0.0,0.0,0.0
29027,0.0,0.0,0.0,0.0
29029,0.0,0.0,0.0,0.0
29031,0.0,0.0,0.0,0.0
29033,0.0,0.0,0.0,0.0
29035,0.0,0.0,0.0,0.0
29037,0.0,0.0,0.0,0.0
29039,0.0,0.0,0.0,0.0
29041,0.0,0.0,0.0,0.0
29043,0.0,0.0,0.0,0.0
29045,0.0,0.0,0.0,0.0
29047,2.111764705882353,1.9,0.0,5.4
29049,0.0,0.0,0.0,0.0
29051,0.028571428571428574,0.0,0.0,0.1
29053,0.0,0.0,0.0,0.0
29055,0.0,0.0,0.0,0.0
29057,0.0,0.0,0.0,0.0
29059,0.0,0.0,0.0,0.0
29061,0.0,0.0,0.0,0.0
29063,0.0,0.0,0.0,0.0
29065,0.0,0.0,0.0,0.0
29067,0.0,0.0,0.0,0.0
29069,0.0,0.0,0.0,0.0
29071,0.06923076923076923,0.0,0.0,0.9
29073,0.18,0.0,0.0,0.9
29075,0.0,0.0,0.0,0.0
29077,0.06,0.0,0.0,0.3
29079,0.0,0.0,0.0,0.0
29081,0.0,0.0,0.0,0.0
29083,0.0,0.0,0.0,0.0
29085,0.0,0.0,0.0,0.0
29087,0.0,0.0,0.0,0.0
29089,0.0,0.0,0.0,0.0
29091,0.0,0.0,0.0,0.0
29093,0.25,0.0,0.0,0.8
29095,0.31666666666666665,0.0,0.0,1.5
29097,0.08095238095238096,0.0,0.0,1.4
29099,0.6045454545454546,0.6,0.0,1.5
29101,0.1111111111111111,0.0,0.0,1.0
29103,0.0,0.0,0.0,0.0
29105,0.0,0.0,0.0,0.0
29107,0.0,0.0,0.0,0.0
29109,0.0,0.0,0.0,0.0
29111,0.0,0.0,0.0,0.0
29113,0.0,0.0,0.0,0.0
29115,0.0,0.0,0.0,0.0
29117,0.0,0.0,0.0,0.0
29119,0.0,0.0,0.0,0.0
29121,0.15,0.0,0.0,1.2
29123,0.0,0.0,0.0,0.0
29125,0.0,0.0,0.0,0.0
29127,0.0,0.0,0.0,0.0
29129,0.0,0.0,0.0,0.0
29131,0.0,0.0,0.0,0.0
29133,0.0,0.0,0.0,0.0
29135,0.0,0.0,0.0,0.0
29137,0.0,0.0,0.0,0.0
29139,0.05454545454545454,0.0,0.0,0.3
29141,0.0,0.0,0.0,0.0
29143,0.0,0.0,0.0,0.0
29145,0.26842105263157895,0.0,0.0,2.0
29147,0.0,0.0,0.0,0.0
29149,0.0,0.0,0.0,0.0
29151,0.0,0.0,0.0,0.0
29153,0.0,0.0,0.0,0.0
29155,0.0,0.0,0.0,0.0
29157,0.0,0.0,0.0,0.0
29159,0.09999999999999999,0.0,0.0,0.6
29161,0.0,0.0,0.0,0.0
29163,0.0,0.0,0.0,0.0
29165,0.90625,0.0,0.0,4.0
29167,0.0,0.0,0.0,0.0
29169,0.0,0.0,0.0,0.0
29171,0.0,0.0,0.0,0.0
29173,0.0,0.0,0.0,0.0
29175,0.0,0.0,0.0,0.0
29177,0.0,0.0,0.0,0.0
29179,0.0,0.0,0.0,0.0
29181,0.0,0.0,0.0,0.0
29183,0.12352941176470589,0.0,0.0,1.5
29185,0.0,0.0,0.0,0.0
29186,0.0,0.0,0.0,0.0
29187,0.0,0.0,0.0,0.0
29189,6.211458333333333,6.1,1.3,9.5
29195,0.0,0.0,0.0,0.0
29197,0.0,0.0,0.0,0.0
29199,0.0,0.0,0.0,0.0
29201,0.0,0.0,0.0,0.0
29203,0.0,0.0,0.0,0.0
29205,0.0,0.0,0.0,0.0
29207,0.0,0.0,0.0,0.0
29209,0.0,0.0,0.0,0.0
29211,0.0,0.0,0.0,0.0
29213,0.0,0.0,0.0,0.0
29215,0.0,0.0,0.0,0.0
29217,0.0,0.0,0.0,0.0
29219,0.04285714285714286,0.0,0.0,0.3
29221,0.0,0.0,0.0,0.0
29223,0.0,0.0,0.0,0.0
29225,0.0,0.0,0.0,0.0
29227,0.0,0.0,0.0,0.0
29229,0.0,0.0,0.0,0.0
29510,8.4,8.4,8.4,8.4
30001,0.0,0.0,0.0,0.0
30003,0.0,0.0,0.0,0.0
30005,0.0,0.0,0.0,0.0
30007,0.0,0.0,0.0,0.0
30009,0.0,0.0,0.0,0.0
30011,0.0,0.0,0.0,0.0
30013,0.0,0.0,0.0,0.0
30015,0.0,0.0,0.0,0.0
30017,0.0,0.0,0.0,0.0
30019,0.0,0.0,0.0,0.0
30021,0.0,0.0,0.0,0.0
30023,0.0,0.0,0.0,0.0
30025,0.0,0.0,0.0,0.0
30027,0.0,0.0,0.0,0.0
30029,0.15555555555555556,0.0,0.0,1.3
30031,0.2833333333333333,0.0,0.0,2.3
30033,0.0,0.0,0.0,0.0
30035,0.3888888888888889,0.3,0.0,1.6
30037,0.0,0.0,0.0,0.0
30039,0.0,0.0,0.0,0.0
30041,0.11875000000000001,0.0,0.0,0.8
30043,0.0,0.0,0.0,0.0
30045,0.0,0.0,0.0,0.0
30047,0.0,0.0,0.0,0.0
30049,0.0,0.0,0.0,0.0
30051,0.0,0.0,0.0,0.0
30053,0.17857142857142858,0.0,0.0,1.4
30055,0.0,0.0,0.0,0.0
30057,0.0,0.0,0.0,0.0
30059,0.0,0.0,0.0,0.0
30061,0.0,0.0,0.0,0.0
30063,1.0733333333333335,0.0,0.0,5.3
30065,0.0,0.0,0.0,0.0
30067,0.0923076923076923,0.0,0.0,0.3
30069,0.0,0.0,0.0,0.0
30071,0.4,0.1,0.0,1.7
30073,0.0,0.0,0.0,0.0
30075,0.0,0.0,0.0,0.0
30077,0.0,0.0,0.0,0.0
30079,0.0,0.0,0.0,0.0
30081,0.0,0.0,0.0,0.0
30083,0.0,0.0,0.0,0.0
30085,0.2333333333333333,0.0,0.0,1.4
30087,0.0,0.0,0.0,0.0
30089,0.0,0.0,0.0,0.0
30091,0.0,0.0,0.0,0.0
30093,1.8,1.8,1.1,2.5
30095,0.0,0.0,0.0,0.0
30097,0.0,0.0,0.0,0.0
30099,0.0,0.0,0.0,0.0
30101,0.4,0.0,0.0,1.6
30103,0.0,0.0,0.0,0.0
30105,0.29999999999999993,0.0,0.0,1.7
30107,0.0,0.0,0.0,0.0
30109,0.0,0.0,0.0,0.0
30111,0.4666666666666667,0.0,0.0,3.7
31001,0.09999999999999999,0.0,0.0,0.7
31003,0.0,0.0,0.0,0.0
31005,0.0,0.0,0.0,0.0
31007,0.0,0.0,0.0,0.0
31009,0.0,0.0,0.0,0.0
31011,0.0,0.0,0.0,0.0
31013,0.0,0.0,0.0,0.0
31015,0.0,0.0,0.0,0.0
31017,0.0,0.0,0.0,0.0
31019,0.0,0.0,0.0,0.0
31021,0.0,0.0,0.0,0.0
31023,0.0,0.0,0.0,0.0
31025,0.0,0.0,0.0,0.0
31027,0.0,0.0,0.0,0.0
31029,0.0,0.0,0.0,0.0
31031,0.0,0.0,0.0,0.0
31033,0.0,0.0,0.0,0.0
31035,0.0,0.0,0.0,0.0
31037,0.0,0.0,0.0,0.0
31039,0.0,0.0,0.0,0.0
31041,0.0,0.0,0.0,0.0
31043,0.6799999999999999,0.0,0.0,2.8
31045,0.0,0.0,0.0,0.0
31047,0.0,0.0,0.0,0.0
31049,0.0,0.0,0.0,0.0
31051,0.0,0.0,0.0,0.0
31053,0.0,0.0,0.0,0.0
31055,1.2,0.0,0.0,4.7
31057,0.0,0.0,0.0,0.0
31059,0.0,0.0,0.0,0.0
31061,0.0,0.0,0.0,0.0
31063,0.0,0.0,0.0,0.0
31065,0.0,0.0,0.0,0.0
31067,0.0,0.0,0.0,0.0
31069,0.0,0.0,0.0,0.0
31071,0.0,0.0,0.0,0.0
31073,0.0,0.0,0.0,0.0
31075,0.0,0.0,0.0,0.0
31077,0.0,0.0,0.0,0.0
31079,0.0,0.0,0.0,0.0
31081,0.0,0.0,0.0,0.0
31083,0.0,0.0,0.0,0.0
31085,0.0,0.0,0.0,0.0
31087,0.0,0.0,0.0,0.0
31089,0.0,0.0,0.0,0.0
31091,0.0,0.0,0.0,0.0
31093,0.0,0.0,0.0,0.0
31095,0.0,0.0,0.0,0.0
31097,0.0,0.0,0.0,0.0
31099,0.0,0.0,0.0,0.0
31101,0.0,0.0,0.0,0.0
31103,0.0,0.0,0.0,0.0
31105,0.0,0.0,0.0,0.0
31107,0.0,0.0,0.0,0.0
31109,0.5066666666666666,0.0,0.0,3.8
31111,0.0,0.0,0.0,0.0
31113,0.0,0.0,0.0,0.0
31115,0.0,0.0,0.0,0.0
31117,0.0,0.0,0.0,0.0
31119,0.0,0.0,0.0,0.0
31121,0.0,0.0,0.0,0.0
31123,0.0,0.0,0.0,0.0
31125,0.0,0.0,0.0,0.0
31127,0.0,0.0,0.0,0.0
31129,0.0,0.0,0.0,0.0
31131,0.0,0.0,0.0,0.0
31133,0.0,0.0,0.0,0.0
31135,0.0,0.0,0.0,0.0
31137,0.2,0.0,0.0,1.0
31139,0.0,0.0,0.0,0.0
31141,0.0,0.0,0.0,0.0
31143,0.0,0.0,0.0,0.0
31145,0.13999999999999999,0.0,0.0,0.7
31147,0.0,0.0,0.0,0.0
31149,0.0,0.0,0.0,0.0
31151,0.0,0.0,0.0,0.0
31153,0.23333333333333334,0.0,0.0,0.8
31155,0.0,0.0,0.0,0.0
31157,0.0,0.0,0.0,0.0
31159,0.0,0.0,0.0,0.0
31161,0.0,0.0,0.0,0.0
31163,0.0,0.0,0.0,0.0
31165,0.0,0.0,0.0,0.0
31167,0.0,0.0,0.0,0.0
31169,0.0,0.0,0.0,0.0
31171,0.0,0.0,0.0,0.0
31173,0.0,0.0,0.0,0.0
31175,0.0,0.0,0.0,0.0
31177,0.0,0.0,0.0,0.0
31179,0.0,0.0,0.0,0.0
31181,0.0,0.0,0.0,0.0
31183,0.0,0.0,0.0,0.0
31185,0.0,0.0,0.0,0.0
32001,0.0,0.0,0.0,0.0
32003,2.36,0.3,0.0,7.7
32005,0.5476190476190477,0.0,0.0,3.3
32007,0.045454545454545456,0.0,0.0,0.4
32009,0.0,0.0,0.0,0.0
32011,0.0,0.0,0.0,0.0
32013,0.125,0.0,0.0,1.0
32015,0.0,0.0,0.0,0.0
32017,0.0,0.0,0.0,0.0
32019,0.0,0.0,0.0,0.0
32021,0.0,0.0,0.0,0.0
32023,0.0,0.0,0.0,0.0
32027,0.0,0.0,0.0,0.0
32029,0.0,0.0,0.0,0.0
32031,1.1588235294117646,0.0,0.0,4.3
32033,0.0,0.0,0.0,0.0
32510,2.7,2.7,2.7,2.7
33001,0.0,0.0,0.0,0.0
33003,0.0,0.0,0.0,0.0
33005,0.5888888888888889,0.1,0.0,1.8
33007,0.0,0.0,0.0,0.0
33009,0.74,0.0,0.0,4.1
33011,0.6066666666666667,0.0,0.0,3.5
33013,0.25384615384615383,0.0,0.0,1.8
33015,0.8818181818181817,0.0,0.0,3.9
33017,2.314285714285714,1.9,0.0,6.3
33019,0.09999999999999999,0.05,0.0,0.3
34001,3.377272727272727,3.3,0.6,7.2
34003,5.563934426229507,6.6,0.0,8.5
34005,3.3545454545454545,2.1,0.0,7.9
34007,5.3,5.35,2.5,8.5
34009,1.968181818181818,1.65,0.0,4.2
34011,1.22,0.35,0.0,3.4
34013,6.081818181818182,6.3,2.4,9.3
34015,3.1,3.1,0.1,5.9
34017,8.89,9.149999999999999,7.0,9.5
34019,1.5142857142857142,0.65,0.0,5.0
34021,3.753846153846154,3.5,0.0,7.9
34023,4.074999999999999,3.95,0.0,7.7
34025,3.8152542372881353,3.7,0.0,7.3
34027,3.0039999999999996,3.1,0.0,6.7
34029,1.2826086956521738,0.8500000000000001,0.0,6.8
34031,4.857142857142857,5.050000000000001,0.5,8.4
34033,1.5363636363636362,1.1,0.0,3.8
34035,2.536111111111111,1.8,0.0,7.0
34037,0.925,0.6,0.0,3.1
34039,6.4692307692307685,6.8,4.3,7.8
34041,0.6414634146341464,0.0,0.0,3.9
35001,1.3722222222222222,0.25,0.0,4.9
35003,0.0,0.0,0.0,0.0
35005,0.0,0.0,0.0,0.0
35006,0.0,0.0,0.0,0.0
35007,0.14285714285714285,0.0,0.0,1.0
35009,0.0,0.0,0.0,0.0
35011,0.0,0.0,0.0,0.0
35013,0.4461538461538461,0.0,0.0,3.3
35015,0.2416666666666667,0.0,0.0,1.6
35017,0.0,0.0,0.0,0.0
35019,0.0,0.0,0.0,0.0
35021,0.0,0.0,0.0,0.0
35023,0.2625,0.1,0.1,1.4
35025,0.0,0.0,0.0,0.0
35027,0.0,0.0,0.0,0.0
35028,0.5,0.5,0.0,1.0
35029,0.12,0.0,0.0,0.6
35031,0.31875,0.35,0.0,1.0
35033,0.0,0.0,0.0,0.0
35035,0.0,0.0,0.0,0.0
35037,0.0,0.0,0.0,0.0
35039,0.793939393939394,0.7,0.0,2.0
35041,0.0,0.0,0.0,0.0
35043,0.5869565217391305,0.4,0.0,3.6
35045,0.33076923076923076,0.1,0.0,2.2
35047,0.3285714285714286,0.35,0.0,1.1
35049,1.1625,1.05,0.0,4.9
35051,0.0,0.0,0.0,0.0
35053,0.0,0.0,0.0,0.0
35055,1.1312499999999999,0.9,0.7,3.3
35057,0.009090909090909092,0.0,0.0,0.1
35059,0.0,0.0,0.0,0.0
35061,0.5523809523809524,0.1,0.0,2.8
36001,4.590909090909091,5.3,0.0,8.1
36003,0.1,0.0,0.0,0.6
36007,2.690909090909091,3.8,0.0,5.2
36009,0.01,0.0,0.0,0.2
36011,0.6636363636363637,0.0,0.0,4.2
36013,1.1583333333333334,0.9,0.0,2.9
36015,0.03076923076923077,0.0,0.0,0.2
36017,0.0,0.0,0.0,0.0
36019,0.4375,0.0,0.0,5.1
36021,0.17857142857142858,0.0,0.0,2.1
36023,0.0,0.0,0.0,0.0
36025,0.07692307692307693,0.0,0.0,0.8
36027,2.096774193548387,1.6,0.0,6.7
36029,2.2714285714285714,1.5,0.0,7.8
36031,0.13999999999999999,0.0,0.0,0.7
36033,0.0,0.0,0.0,0.0
36035,0.4666666666666666,0.0,0.0,1.9
36037,0.0,0.0,0.0,0.0
36039,0.09166666666666667,0.0,0.0,1.1
36041,0.0,0.0,0.0,0.0
36043,0.0,0.0,0.0,0.0
36045,0.0,0.0,0.0,0.0
36049,0.0,0.0,0.0,0.0
36051,0.7,0.6,0.0,3.7
36053,0.0,0.0,0.0,0.0
36055,2.461111111111111,2.2,0.0,6.5
36057,0.18333333333333335,0.0,0.0,1.4
36059,5.63609022556391,6.1,0.0,8.9
36063,1.14,0.0,0.0,5.1
36065,1.2111111111111112,0.0,0.0,5.4
36067,3.028,2.8,0.0,5.9
36069,0.038461538461538464,0.0,0.0,0.5
36071,1.1210526315789473,1.0,0.0,3.8
36073,0.0,0.0,0.0,0.0
36075,0.225,0.0,0.0,1.8
36077,0.0,0.0,0.0,0.0
36079,2.857142857142857,1.7,0.0,7.8
36083,1.9000000000000001,0.75,0.0,6.9
36087,1.7027777777777777,1.05,0.0,5.7
36089,0.408,0.3,0.0,1.7
36091,1.62,0.0,0.0,6.3
36093,2.6444444444444444,3.1,0.0,6.8
36095,0.0,0.0,0.0,0.0
36097,0.0,0.0,0.0,0.0
36099,0.03333333333333333,0.0,0.0,0.2
36101,1.068421052631579,0.9,0.0,2.8
36103,3.023225806451613,3.1,0.0,6.8
36105,0.68,0.7,0.0,1.6
36107,0.15714285714285717,0.0,0.0,0.6
36109,3.8833333333333333,3.8499999999999996,1.6,7.3
36111,0.9444444444444444,0.7,0.0,4.0
36113,0.74,0.0,0.0,3.5
36115,0.7888888888888889,0.0,0.0,3.4
36117,0.19333333333333333,0.0,0.0,0.9
36119,6.425925925925926,7.45,0.0,9.2
36121,0.21000000000000002,0.0,0.0,2.0
36123,0.0,0.0,0.0,0.0
37001,0.07272727272727274,0.0,0.0,0.4
37003,0.43333333333333335,0.0,0.0,1.3
37005,0.0,0.0,0.0,0.0
37007,0.0,0.0,0.0,0.0
37009,0.0,0.0,0.0,0.0
37011,0.0,0.0,0.0,0.0
37013,0.0,0.0,0.0,0.0
37015,0.0,0.0,0.0,0.0
37017,0.0,0.0,0.0,0.0
37019,0.2631578947368421,0.0,0.0,1.3
37021,1.2363636363636363,1.1,0.0,4.3
37023,0.0,0.0,0.0,0.0
37025,0.6333333333333333,0.0,0.0,1.9
37027,0.0,0.0,0.0,0.0
37029,0.0,0.0,0.0,0.0
37031,0.0,0.0,0.0,0.0
37033,0.0,0.0,0.0,0.0
37035,0.8285714285714285,0.5,0.0,1.8
37037,0.0,0.0,0.0,0.0
37039,0.0,0.0,0.0,0.0
37041,0.0,0.0,0.0,0.0
37043,0.0,0.0,0.0,0.0
37045,0.0,0.0,0.0,0.0
37047,0.0,0.0,0.0,0.0
37049,0.09999999999999999,0.0,0.0,1.2
37051,0.41111111111111115,0.0,0.0,3.1
37053,0.0,0.0,0.0,0.0
37055,0.30666666666666664,0.0,0.0,3.0
37057,0.14285714285714285,0.0,0.0,1.0
37059,0.0,0.0,0.0,0.0
37061,0.0,0.0,0.0,0.0
37063,2.5,2.5,2.5,2.5
37065,0.0,0.0,0.0,0.0
37067,0.9,0.35,0.0,3.4
37069,0.0,0.0,0.0,0.0
37071,0.2857142857142857,0.0,0.0,2.2
37073,0.0,0.0,0.0,0.0
37075,0.0,0.0,0.0,0.0
37077,0.0,0.0,0.0,0.0
37079,0.0,0.0,0.0,0.0
37081,0.58,0.0,0.0,3.7
37083,0.0,0.0,0.0,0.0
37085,0.0,0.0,0.0,0.0
37087,0.0,0.0,0.0,0.0
37089,0.07058823529411765,0.0,0.0,1.2
37091,0.0,0.0,0.0,0.0
37093,0.0,0.0,0.0,0.0
37095,0.7749999999999999,0.35,0.0,2.4
37097,0.0,0.0,0.0,0.0
37099,0.0,0.0,0.0,0.0
37101,0.125,0.0,0.0,0.9
37103,0.0,0.0,0.0,0.0
37105,0.0,0.0,0.0,0.0
37107,0.0,0.0,0.0,0.0
37109,0.0,0.0,0.0,0.0
37111,0.0,0.0,0.0,0.0
37113,0.0,0.0,0.0,0.0
37115,0.0,0.0,0.0,0.0
37117,0.0,0.0,0.0,0.0
37119,3.54,3.0,2.5,5.0
37121,0.0,0.0,0.0,0.0
37123,0.0,0.0,0.0,0.0
37125,0.03333333333333333,0.0,0.0,0.4
37127,0.1625,0.0,0.0,1.1
37129,1.0166666666666666,0.8,0.0,3.1
37131,0.0,0.0,0.0,0.0
37133,0.2888888888888889,0.0,0.0,2.2
37135,3.0666666666666664,2.3,1.4,5.5
37137,0.35,0.0,0.0,1.8
37141,0.0,0.0,0.0,0.0
37143,0.0,0.0,0.0,0.0
37145,0.0,0.0,0.0,0.0
37147,0.2916666666666667,0.0,0.0,2.3
37149,0.0,0.0,0.0,0.0
37151,0.1,0.0,0.0,0.5
37153,0.1375,0.0,0.0,0.8
37155,0.0,0.0,0.0,0.0
37157,0.0,0.0,0.0,0.0
37159,0.73,0.0,0.0,2.5
37161,0.0,0.0,0.0,0.0
37163,0.0,0.0,0.0,0.0
37165,0.0,0.0,0.0,0.0
37167,0.0,0.0,0.0,0.0
37169,0.0,0.0,0.0,0.0
37171,0.17142857142857143,0.0,0.0,1.0
37173,0.0,0.0,0.0,0.0
37175,0.0,0.0,0.0,0.0
37177,0.0,0.0,0.0,0.0
37179,0.02307692307692308,0.0,0.0,0.2
37181,0.0,0.0,0.0,0.0
37183,0.7833333333333333,0.8500000000000001,0.0,1.8
37185,0.0,0.0,0.0,0.0
37187,0.0,0.0,0.0,0.0
37189,0.0,0.0,0.0,0.0
37191,0.3222222222222222,0.0,0.0,2.6
37193,0.0,0.0,0.0,0.0
37195,0.06666666666666667,0.0,0.0,0.4
37197,0.0,0.0,0.0,0.0
37199,0.0,0.0,0.0,0.0
38001,0.0,0.0,0.0,0.0
38003,0.0,0.0,0.0,0.0
38005,0.0,0.0,0.0,0.0
38007,0.0,0.0,0.0,0.0
38009,0.0,0.0,0.0,0.0
38011,0.0,0.0,0.0,0.0
38013,0.0,0.0,0.0,0.0
38015,0.5499999999999999,0.0,0.0,3.3
38017,0.4071428571428571,0.0,0.0,4.1
38019,0.0,0.0,0.0,0.0
38021,0.0,0.0,0.0,0.0
38023,0.0,0.0,0.0,0.0
38025,0.0,0.0,0.0,0.0
38027,0.0,0.0,0.0,0.0
38029,0.0,0.0,0.0,0.0
38031,0.0,0.0,0.0,0.0
38033,0.0,0.0,0.0,0.0
38035,0.5599999999999999,0.0,0.0,4.1
38037,0.0,0.0,0.0,0.0
38039,0.0,0.0,0.0,0.0
38041,0.0,0.0,0.0,0.0
38043,0.0,0.0,0.0,0.0
38045,0.0,0.0,0.0,0.0
38047,0.0,0.0,0.0,0.0
38049,0.0,0.0,0.0,0.0
38051,0.0,0.0,0.0,0.0
38053,0.0,0.0,0.0,0.0
38055,0.0,0.0,0.0,0.0
38057,0.0,0.0,0.0,0.0
38059,0.34285714285714286,0.0,0.0,2.3
38061,0.14285714285714285,0.0,0.0,1.0
38063,0.0,0.0,0.0,0.0
38065,0.0,0.0,0.0,0.0
38067,0.0,0.0,0.0,0.0
38069,0.31666666666666665,0.1,0.0,1.5
38071,0.1375,0.0,0.0,1.1
38073,0.0,0.0,0.0,0.0
38075,0.0,0.0,0.0,0.0
38077,0.0,0.0,0.0,0.0
38079,0.0,0.0,0.0,0.0
38081,0.0,0.0,0.0,0.0
38083,0.0,0.0,0.0,0.0
38085,0.0,0.0,0.0,0.0
38087,0.0,0.0,0.0,0.0
38089,0.0,0.0,0.0,0.0
38091,0.0,0.0,0.0,0.0
38093,0.0,0.0,0.0,0.0
38095,0.0,0.0,0.0,0.0
38097,0.0,0.0,0.0,0.0
38099,0.0,0.0,0.0,0.0
38101,0.025,0.0,0.0,0.4
38103,0.0,0.0,0.0,0.0
38105,0.05,0.0,0.0,0.4
39001,0.0,0.0,0.0,0.0
39003,0.34444444444444444,0.0,0.0,2.6
39005,0.0,0.0,0.0,0.0
39007,0.0,0.0,0.0,0.0
39009,0.6357142857142858,0.0,0.0,4.9
39011,0.0,0.0,0.0,0.0
39013,0.7578947368421053,0.0,0.0,2.9
39015,0.03636363636363637,0.0,0.0,0.4
39017,0.7533333333333334,0.0,0.0,4.9
39019,0.0,0.0,0.0,0.0
39021,0.0,0.0,0.0,0.0
39023,0.1357142857142857,0.0,0.0,1.9
39025,0.005555555555555556,0.0,0.0,0.1
39027,0.0,0.0,0.0,0.0
39029,0.06470588235294118,0.0,0.0,1.1
39031,0.0,0.0,0.0,0.0
39033,0.0,0.0,0.0,0.0
39035,5.673214285714286,6.55,0.0,9.4
39037,0.0,0.0,0.0,0.0
39039,0.0,0.0,0.0,0.0
39041,0.25555555555555554,0.0,0.0,1.9
39043,0.08888888888888889,0.0,0.0,0.8
39045,0.0,0.0,0.0,0.0
39047,0.0,0.0,0.0,0.0
39049,3.6523809523809527,3.5,0.0,6.6
39051,0.0,0.0,0.0,0.0
39053,0.0,0.0,0.0,0.0
39055,0.0,0.0,0.0,0.0
39057,0.27499999999999997,0.0,0.0,1.7
39059,0.3272727272727272,0.0,0.0,1.9
39061,2.731707317073171,2.9,0.0,6.8
39063,0.0,0.0,0.0,0.0
39065,0.0,0.0,0.0,0.0
39067,0.0,0.0,0.0,0.0
39069,0.0,0.0,0.0,0.0
39071,0.0,0.0,0.0,0.0
39073,0.0,0.0,0.0,0.0
39075,0.0,0.0,0.0,0.0
39077,0.0,0.0,0.0,0.0
39079,0.0,0.0,0.0,0.0
39081,0.26,0.0,0.0,2.2
39083,0.0,0.0,0.0,0.0
39085,2.0526315789473686,2.1,0.0,5.7
39087,1.0875,1.3,0.0,2.4
39089,0.01764705882352941,0.0,0.0,0.3
39091,0.0,0.0,0.0,0.0
39093,0.22352941176470587,0.0,0.0,1.7
39095,1.1454545454545455,0.2,0.0,3.9
39097,0.0,0.0,0.0,0.0
39099,0.9083333333333333,0.2,0.0,3.0
39101,0.0,0.0,0.0,0.0
39103,0.12,0.0,0.0,1.2
39105,0.0,0.0,0.0,0.0
39107,0.0,0.0,0.0,0.0
39109,0.0,0.0,0.0,0.0
39111,0.0,0.0,0.0,0.0
39113,2.7266666666666666,3.5,0.0,5.6
39115,0.0,0.0,0.0,0.0
39117,0.0,0.0,0.0,0.0
39119,0.4642857142857143,0.0,0.0,2.5
39121,0.0,0.0,0.0,0.0
39123,0.0,0.0,0.0,0.0
39125,0.0,0.0,0.0,0.0
39127,0.0,0.0,0.0,0.0
39129,0.0,0.0,0.0,0.0
39131,0.0,0.0,0.0,0.0
39133,1.4583333333333333,0.8500000000000001,0.0,4.6
39135,0.0,0.0,0.0,0.0
39137,0.0,0.0,0.0,0.0
39139,0.55,0.1,0.0,2.5
39141,0.0,0.0,0.0,0.0
39143,0.0,0.0,0.0,0.0
39145,0.006666666666666667,0.0,0.0,0.1
39147,0.0,0.0,0.0,0.0
39149,0.0,0.0,0.0,0.0
39151,1.326086956521739,1.2,0.0,4.7
39153,2.3125,2.3,0.0,5.3
39155,0.3961538461538462,0.0,0.0,2.1
39157,0.0,0.0,0.0,0.0
39159,0.0,0.0,0.0,0.0
39161,0.0,0.0,0.0,0.0
39163,0.0,0.0,0.0,0.0
39165,0.26666666666666666,0.0,0.0,1.3
39167,0.007692307692307693,0.0,0.0,0.1
39169,0.0,0.0,0.0,0.0
39171,0.10714285714285714,0.0,0.0,1.1
39173,0.09999999999999999,0.0,0.0,1.4
39175,0.0,0.0,0.0,0.0
40001,0.0,0.0,0.0,0.0
40003,0.0,0.0,0.0,0.0
40005,0.0,0.0,0.0,0.0
40007,0.0,0.0,0.0,0.0
40009,0.0,0.0,0.0,0.0
40011,0.0,0.0,0.0,0.0
40013,0.14705882352941177,0.0,0.0,1.5
40015,0.0,0.0,0.0,0.0
40017,0.0,0.0,0.0,0.0
40019,0.044444444444444446,0.0,0.0,0.4
40021,0.0,0.0,0.0,0.0
40023,0.0,0.0,0.0,0.0
40025,0.0,0.0,0.0,0.0
40027,0.43333333333333335,0.1,0.0,2.2
40029,0.0,0.0,0.0,0.0
40031,0.0,0.0,0.0,0.0
40033,0.0,0.0,0.0,0.0
40035,0.0,0.0,0.0,0.0
40037,0.0,0.0,0.0,0.0
40039,0.0,0.0,0.0,0.0
40041,0.0,0.0,0.0,0.0
40043,0.0,0.0,0.0,0.0
40045,0.0,0.0,0.0,0.0
40047,0.0,0.0,0.0,0.0
40049,0.07777777777777778,0.0,0.0,0.7
40051,0.0,0.0,0.0,0.0
40053,0.0,0.0,0.0,0.0
40055,0.0,0.0,0.0,0.0
40057,0.0,0.0,0.0,0.0
40059,0.0,0.0,0.0,0.0
40061,0.0,0.0,0.0,0.0
40063,0.0,0.0,0.0,0.0
40065,0.0,0.0,0.0,0.0
40067,0.0,0.0,0.0,0.0
40069,0.0,0.0,0.0,0.0
40071,0.0,0.0,0.0,0.0
40073,0.0,0.0,0.0,0.0
40075,0.0,0.0,0.0,0.0
40077,0.0,0.0,0.0,0.0
40079,0.0,0.0,0.0,0.0
40081,0.0,0.0,0.0,0.0
40083,0.0,0.0,0.0,0.0
40085,0.0,0.0,0.0,0.0
40087,0.0,0.0,0.0,0.0
40089,0.0,0.0,0.0,0.0
40091,0.0,0.0,0.0,0.0
40093,0.0,0.0,0.0,0.0
40095,0.0,0.0,0.0,0.0
40097,0.0,0.0,0.0,0.0
40099,0.0,0.0,0.0,0.0
40101,0.0,0.0,0.0,0.0
40103,0.0,0.0,0.0,0.0
40105,0.0,0.0,0.0,0.0
40107,0.0,0.0,0.0,0.0
40109,0.9578947368421052,0.6,0.0,3.7
40111,0.0,0.0,0.0,0.0
40113,0.0,0.0,0.0,0.0
40115,0.0,0.0,0.0,0.0
40117,0.0,0.0,0.0,0.0
40119,0.0,0.0,0.0,0.0
40121,0.0,0.0,0.0,0.0
40123,0.0,0.0,0.0,0.0
40125,0.0,0.0,0.0,0.0
40127,0.0,0.0,0.0,0.0
40129,0.0,0.0,0.0,0.0
40131,0.0,0.0,0.0,0.0
40133,0.0,0.0,0.0,0.0
40135,0.0,0.0,0.0,0.0
40137,0.0,0.0,0.0,0.0
40139,0.0,0.0,0.0,0.0
40141,0.0,0.0,0.0,0.0
40143,0.8250000000000001,0.3,0.0,2.7
40145,0.0,0.0,0.0,0.0
40147,0.0,0.0,0.0,0.0
40149,0.0,0.0,0.0,0.0
40151,0.0,0.0,0.0,0.0
40153,0.0,0.0,0.0,0.0
41001,0.3857142857142857,0.3,0.0,1.7
41003,0.7300000000000001,0.0,0.0,4.5
41005,4.294444444444444,3.5999999999999996,0.9,8.1
41007,1.5999999999999999,1.7,0.0,2.8
41009,1.1555555555555557,0.9,0.3,2.9
41011,1.01,0.8,0.0,2.5
41013,1.0,1.0,1.0,1.0
41015,0.4571428571428572,0.4,0.0,0.8
41017,0.9214285714285715,0.55,0.0,3.8
41019,0.8217391304347825,0.6,0.0,2.6
41021,0.0,0.0,0.0,0.0
41023,0.3333333333333333,0.4,0.2,0.4
41025,0.39999999999999997,0.4,0.3,0.5
41027,1.0,0.5,0.4,2.9
41029,1.6058823529411765,0.4,0.0,4.8
41031,0.62,0.6,0.0,1.2
41033,0.8200000000000001,0.5,0.0,2.7
41035,1.2428571428571427,0.3,0.0,4.3
41037,0.0,0.0,0.0,0.0
41039,2.1,1.7,0.0,5.9
41041,1.4777777777777779,1.5,0.6,2.8
41043,0.45499999999999996,0.1,0.0,1.7
41045,0.5,0.3,0.0,1.8
41047,1.708695652173913,1.2,0.0,6.8
41049,0.13999999999999999,0.0,0.0,0.7
41051,7.88,7.9,6.5,9.5
41053,1.4666666666666668,1.7000000000000002,0.0,2.3
41055,0.0,0.0,0.0,0.0
41057,1.0277777777777777,1.0,0.6,3.3
41059,0.7421052631578947,0.6,0.0,1.7
41061,0.7625,0.35,0.0,2.6
41063,0.52,0.5,0.4,0.8
41065,0.10833333333333334,0.0,0.0,0.5
41067,5.99,6.6,0.7,9.0
41069,0.13333333333333333,0.2,0.0,0.2
41071,1.488888888888889,1.4,0.7,2.6
42001,0.3384615384615385,0.0,0.0,3.3
42003,4.2747572815533985,4.8,0.0,8.7
42005,0.17500000000000002,0.0,0.0,0.7
42007,1.8451612903225807,1.6,0.0,5.8
42009,0.0,0.0,0.0,0.0
42011,1.5349397590361447,0.7,0.0,6.5
42013,0.15294117647058825,0.0,0.0,1.1
42015,0.6466666666666666,0.6,0.0,1.8
42017,3.275,3.25,0.0,8.0
42019,0.4181818181818182,0.0,0.0,3.5
42021,1.325,0.0,0.0,6.0
42023,0.0,0.0,0.0,0.0
42025,0.3235294117647059,0.0,0.0,2.4
42027,1.0318181818181817,0.0,0.0,7.3
42029,2.94375,2.25,0.0,7.7
42031,0.0,0.0,0.0,0.0
42033,0.2064516129032258,0.0,0.0,2.6
42035,0.0,0.0,0.0,0.0
42037,0.012903225806451613,0.0,0.0,0.1
42039,0.3645161290322581,0.0,0.0,3.5
42041,1.4157894736842105,1.6,0.0,3.7
42043,2.046875,2.15,0.0,6.0
42045,7.286111111111111,7.550000000000001,2.6,9.8
42047,0.0,0.0,0.0,0.0
42049,1.4333333333333333,0.9,0.0,4.9
42051,1.0904761904761906,1.1,0.0,3.2
42053,0.0,0.0,0.0,0.0
42055,0.01875,0.0,0.0,0.3
42057,0.0,0.0,0.0,0.0
42059,0.025,0.0,0.0,0.5
42061,0.05,0.0,0.0,1.0
42063,0.625,0.30000000000000004,0.0,6.1
42065,0.03636363636363637,0.0,0.0,0.4
42067,0.0,0.0,0.0,0.0
42069,2.084,2.1,0.0,5.1
42071,1.4065573770491804,0.8,0.0,6.3
42073,0.1823529411764706,0.0,0.0,1.1
42075,1.05,0.0,0.0,4.1
42077,2.456,2.3,0.0,6.0
42079,1.7738461538461539,2.1,0.0,5.2
42081,1.5214285714285716,1.6,0.0,3.0
42083,0.0,0.0,0.0,0.0
42085,0.5105263157894737,0.0,0.0,2.6
42087,0.05,0.0,0.0,0.6
42089,1.2,0.6,0.0,3.3
42091,4.09433962264151,3.6,0.0,8.4
42093,0.0,0.0,0.0,0.0
42095,2.2517241379310344,2.2,0.0,5.7
42097,0.0,0.0,0.0,0.0
42099,0.0,0.0,0.0,0.0
42101,9.0,9.0,9.0,9.0
42103,0.3076923076923077,0.0,0.0,1.9
42105,0.0,0.0,0.0,0.0
42107,0.9409090909090909,0.7,0.0,3.7
42109,0.0,0.0,0.0,0.0
42111,0.1206896551724138,0.0,0.0,1.8
42113,0.5750000000000001,0.35,0.3,1.3
42115,0.0,0.0,0.0,0.0
42117,0.775,0.6,0.0,3.1
42119,0.0,0.0,0.0,0.0
42121,0.6266666666666667,0.6,0.0,2.1
42123,0.9727272727272727,1.1,0.0,2.5
42125,1.0353846153846153,0.0,0.0,5.8
42127,0.33999999999999997,0.0,0.0,1.5
42129,1.4587301587301589,1.5,0.0,3.9
42131,0.0,0.0,0.0,0.0
42133,1.139622641509434,0.4,0.0,5.6
44003,2.0,2.0,0.0,4.0
44005,3.575,4.1,1.0,5.1
44007,2.9066666666666667,2.1,0.0,7.4
44009,0.7642857142857142,0.0,0.0,3.9
45001,0.0,0.0,0.0,0.0
45003,0.0,0.0,0.0,0.0
45005,0.0,0.0,0.0,0.0
45007,0.509090909090909,0.0,0.0,2.3
45009,0.24,0.0,0.0,1.2
45011,0.0,0.0,0.0,0.0
45013,0.0,0.0,0.0,0.0
45015,0.16,0.0,0.0,1.6
45017,0.0,0.0,0.0,0.0
45019,0.3076923076923077,0.0,0.0,1.8
45021,0.0,0.0,0.0,0.0
45023,0.0,0.0,0.0,0.0
45025,0.0,0.0,0.0,0.0
45027,0.0,0.0,0.0,0.0
45029,0.0,0.0,0.0,0.0
45031,0.3,0.0,0.0,1.8
45033,0.3333333333333333,0.0,0.0,1.0
45035,0.0,0.0,0.0,0.0
45037,0.0,0.0,0.0,0.0
45039,0.0,0.0,0.0,0.0
45041,0.6666666666666666,0.5,0.0,2.0
45043,0.6666666666666666,0.6,0.6,0.8
45045,1.568421052631579,1.6,0.0,3.6
45047,0.0,0.0,0.0,0.0
45049,0.0,0.0,0.0,0.0
45051,0.5142857142857143,0.2,0.0,2.0
45055,0.08,0.0,0.0,0.4
45057,0.0,0.0,0.0,0.0
45059,0.0,0.0,0.0,0.0
45061,0.0,0.0,0.0,0.0
45063,0.5357142857142857,0.0,0.0,3.3
45065,0.0,0.0,0.0,0.0
45067,0.275,0.0,0.0,1.1
45069,0.0,0.0,0.0,0.0
45071,0.0,0.0,0.0,0.0
45073,0.7428571428571429,0.0,0.0,2.3
45075,0.0,0.0,0.0,0.0
45077,0.6,0.0,0.0,3.6
45079,2.611111111111111,3.4,0.0,4.6
45081,0.0,0.0,0.0,0.0
45083,0.3931034482758621,0.0,0.0,3.0
45085,0.5705882352941176,0.4,0.0,1.8
45087,0.0,0.0,0.0,0.0
45089,0.26,0.0,0.0,1.3
45091,0.07142857142857142,0.0,0.0,0.6
46003,0.0,0.0,0.0,0.0
46005,0.0,0.0,0.0,0.0
46007,0.0,0.0,0.0,0.0
46009,0.0,0.0,0.0,0.0
46011,0.0,0.0,0.0,0.0
46013,0.0,0.0,0.0,0.0
46015,0.0,0.0,0.0,0.0
46017,0.0,0.0,0.0,0.0
46019,0.0,0.0,0.0,0.0
46021,0.0,0.0,0.0,0.0
46023,0.0,0.0,0.0,0.0
46025,0.0,0.0,0.0,0.0
46027,0.0,0.0,0.0,0.0
46029,0.0,0.0,0.0,0.0
46031,0.0,0.0,0.0,0.0
46033,0.0,0.0,0.0,0.0
46035,0.0,0.0,0.0,0.0
46037,0.0,0.0,0.0,0.0
46039,0.0,0.0,0.0,0.0
46041,0.0,0.0,0.0,0.0
46043,0.0,0.0,0.0,0.0
46045,0.0,0.0,0.0,0.0
46047,0.0,0.0,0.0,0.0
46049,0.0,0.0,0.0,0.0
46051,0.0,0.0,0.0,0.0
46053,0.0,0.0,0.0,0.0
46055,0.0,0.0,0.0,0.0
46057,0.0,0.0,0.0,0.0
46059,0.0,0.0,0.0,0.0
46061,0.0,0.0,0.0,0.0
46063,0.0,0.0,0.0,0.0
46065,0.0,0.0,0.0,0.0
46067,0.0,0.0,0.0,0.0
46069,0.0,0.0,0.0,0.0
46071,0.0,0.0,0.0,0.0
46073,0.0,0.0,0.0,0.0
46075,0.0,0.0,0.0,0.0
46077,0.0,0.0,0.0,0.0
46079,0.0,0.0,0.0,0.0
46081,0.0,0.0,0.0,0.0
46083,0.0,0.0,0.0,0.0
46085,0.0,0.0,0.0,0.0
46087,0.0,0.0,0.0,0.0
46089,0.0,0.0,0.0,0.0
46091,0.0,0.0,0.0,0.0
46093,0.0,0.0,0.0,0.0
46095,0.0,0.0,0.0,0.0
46097,0.0,0.0,0.0,0.0
46099,0.1142857142857143,0.0,0.0,1.1
46101,0.0,0.0,0.0,0.0
46102,0.0,0.0,0.0,0.0
46103,0.23846153846153847,0.0,0.0,2.6
46105,0.0,0.0,0.0,0.0
46107,0.0,0.0,0.0,0.0
46109,0.0,0.0,0.0,0.0
46111,0.0,0.0,0.0,0.0
46115,0.0,0.0,0.0,0.0
46117,0.0,0.0,0.0,0.0
46119,0.0,0.0,0.0,0.0
46121,0.0,0.0,0.0,0.0
46123,0.0,0.0,0.0,0.0
46125,0.0,0.0,0.0,0.0
46127,0.3666666666666667,0.0,0.0,1.1
46129,0.0,0.0,0.0,0.0
46135,0.0,0.0,0.0,0.0
46137,0.0,0.0,0.0,0.0
47001,0.0,0.0,0.0,0.0
47003,0.0,0.0,0.0,0.0
47005,0.0,0.0,0.0,0.0
47007,0.0,0.0,0.0,0.0
47009,0.0,0.0,0.0,0.0
47011,0.0,0.0,0.0,0.0
47013,0.0,0.0,0.0,0.0
47015,0.0,0.0,0.0,0.0
47017,0.0,0.0,0.0,0.0
47019,0.32,0.1,0.0,1.1
47021,0.125,0.0,0.0,0.5
47023,0.0,0.0,0.0,0.0
47025,0.0,0.0,0.0,0.0
47027,0.0,0.0,0.0,0.0
47029,0.0,0.0,0.0,0.0
47031,0.0,0.0,0.0,0.0
47033,0.0,0.0,0.0,0.0
47035,0.0,0.0,0.0,0.0
47037,2.54,2.6,0.0,5.1
47039,0.0,0.0,0.0,0.0
47041,0.0,0.0,0.0,0.0
47043,0.016666666666666666,0.0,0.0,0.1
47045,0.45,0.45,0.0,0.9
47047,0.0,0.0,0.0,0.0
47049,0.0,0.0,0.0,0.0
47051,0.0,0.0,0.0,0.0
47053,0.0,0.0,0.0,0.0
47055,0.0,0.0,0.0,0.0
47057,0.0,0.0,0.0,0.0
47059,0.0,0.0,0.0,0.0
47061,0.0,0.0,0.0,0.0
47065,0.4105263157894737,0.0,0.0,3.9
47067,0.0,0.0,0.0,0.0
47069,0.0,0.0,0.0,0.0
47071,0.0,0.0,0.0,0.0
47073,0.049999999999999996,0.0,0.0,0.3
47075,0.0,0.0,0.0,0.0
47077,0.0,0.0,0.0,0.0
47079,0.0,0.0,0.0,0.0
47081,0.0,0.0,0.0,0.0
47083,0.0,0.0,0.0,0.0
47085,0.0,0.0,0.0,0.0
47087,0.0,0.0,0.0,0.0
47089,0.0,0.0,0.0,0.0
47091,0.0,0.0,0.0,0.0
47093,2.2,2.2,0.0,4.4
47095,0.0,0.0,0.0,0.0
47097,0.0,0.0,0.0,0.0
47099,0.0,0.0,0.0,0.0
47101,0.0,0.0,0.0,0.0
47103,0.0,0.0,0.0,0.0
47105,0.0,0.0,0.0,0.0
47107,0.0,0.0,0.0,0.0
47109,0.0,0.0,0.0,0.0
47111,0.0,0.0,0.0,0.0
47113,0.9,0.0,0.0,2.7
47115,0.0,0.0,0.0,0.0
47117,0.0,0.0,0.0,0.0
47119,0.0,0.0,0.0,0.0
47121,0.0,0.0,0.0,0.0
47123,0.0,0.0,0.0,0.0
47125,1.2,1.2,1.2,1.2
47127,0.0,0.0,0.0,0.0
47129,0.0,0.0,0.0,0.0
47131,0.0,0.0,0.0,0.0
47133,0.0,0.0,0.0,0.0
47135,0.0,0.0,0.0,0.0
47137,0.0,0.0,0.0,0.0
47139,0.0,0.0,0.0,0.0
47141,0.0,0.0,0.0,0.0
47143,0.0,0.0,0.0,0.0
47145,0.0,0.0,0.0,0.0
47147,0.07142857142857142,0.0,0.0,0.5
47149,0.6,0.4,0.0,2.0
47151,0.0,0.0,0.0,0.0
47153,0.0,0.0,0.0,0.0
47155,0.8400000000000001,0.4,0.0,3.1
47157,0.9857142857142857,0.5,0.0,4.1
47159,0.0,0.0,0.0,0.0
47161,0.0,0.0,0.0,0.0
47163,0.6,0.2,0.0,1.9
47165,0.021428571428571432,0.0,0.0,0.1
47167,0.0,0.0,0.0,0.0
47169,0.0,0.0,0.0,0.0
47171,0.0,0.0,0.0,0.0
47173,0.0,0.0,0.0,0.0
47175,0.0,0.0,0.0,0.0
47177,0.0,0.0,0.0,0.0
47179,0.025,0.0,0.0,0.1
47181,0.0,0.0,0.0,0.0
47183,0.0,0.0,0.0,0.0
47185,0.0,0.0,0.0,0.0
47187,0.3,0.0,0.0,1.4
47189,0.26,0.0,0.0,0.8
48001,0.0,0.0,0.0,0.0
48003,0.0,0.0,0.0,0.0
48005,0.5428571428571428,0.2,0.0,1.7
48007,0.0,0.0,0.0,0.0
48009,0.0,0.0,0.0,0.0
48011,0.0,0.0,0.0,0.0
48013,0.0,0.0,0.0,0.0
48015,0.0,0.0,0.0,0.0
48017,0.0,0.0,0.0,0.0
48019,0.0,0.0,0.0,0.0
48021,0.10000000000000002,0.0,0.0,0.4
48023,0.0,0.0,0.0,0.0
48025,0.0,0.0,0.0,0.0
48027,0.8818181818181817,0.0,0.0,2.5
48029,3.32962962962963,2.0,0.0,9.0
48031,0.0,0.0,0.0,0.0
48033,0.0,0.0,0.0,0.0
48035,0.0,0.0,0.0,0.0
48037,0.5599999999999999,0.0,0.0,2.2
48039,0.0,0.0,0.0,0.0
48041,1.1800000000000002,0.9,0.4,2.3
48043,0.3,0.0,0.0,1.2
48045,0.0,0.0,0.0,0.0
48047,0.0,0.0,0.0,0.0
48049,0.0,0.0,0.0,0.0
48051,0.0,0.0,0.0,0.0
48053,0.1142857142857143,0.0,0.0,0.3
48055,0.15,0.15,0.0,0.3
48057,0.0,0.0,0.0,0.0
48059,0.0,0.0,0.0,0.0
48061,0.7254901960784313,0.7,0.0,3.1
48063,0.0,0.0,0.0,0.0
48065,0.0,0.0,0.0,0.0
48067,0.0,0.0,0.0,0.0
48069,0.0,0.0,0.0,0.0
48071,0.0,0.0,0.0,0.0
48073,0.0,0.0,0.0,0.0
48075,0.0,0.0,0.0,0.0
48077,0.0,0.0,0.0,0.0
48079,0.0,0.0,0.0,0.0
48081,0.0,0.0,0.0,0.0
48083,0.0,0.0,0.0,0.0
48085,0.18333333333333332,0.0,0.0,1.9
48087,0.0,0.0,0.0,0.0
48089,0.0,0.0,0.0,0.0
48091,0.0,0.0,0.0,0.0
48093,0.0,0.0,0.0,0.0
48095,0.0,0.0,0.0,0.0
48097,0.1142857142857143,0.0,0.0,0.8
48099,0.0,0.0,0.0,0.0
48101,0.0,0.0,0.0,0.0
48103,0.0,0.0,0.0,0.0
48105,0.0,0.0,0.0,0.0
48107,0.0,0.0,0.0,0.0
48109,0.0,0.0,0.0,0.0
48111,0.0,0.0,0.0,0.0
48113,3.3846153846153846,2.3,0.0,7.8
48115,0.0,0.0,0.0,0.0
48117,0.0,0.0,0.0,0.0
48119,0.0,0.0,0.0,0.0
48121,0.17857142857142858,0.0,0.0,3.8
48123,0.0,0.0,0.0,0.0
48125,0.0,0.0,0.0,0.0
48127,0.0,0.0,0.0,0.0
48129,0.0,0.0,0.0,0.0
48131,0.0,0.0,0.0,0.0
48133,0.0,0.0,0.0,0.0
48135,0.19999999999999998,0.1,0.0,0.5
48137,0.0,0.0,0.0,0.0
48139,0.0,0.0,0.0,0.0
48141,0.9052631578947368,0.1,0.0,4.9
48143,0.0,0.0,0.0,0.0
48145,0.275,0.25,0.0,0.6
48147,0.0,0.0,0.0,0.0
48149,0.06666666666666667,0.0,0.0,0.4
48151,0.0,0.0,0.0,0.0
48153,0.0,0.0,0.0,0.0
48155,0.0,0.0,0.0,0.0
48157,0.28500000000000003,0.05,0.0,1.5
48159,0.0,0.0,0.0,0.0
48161,0.0,0.0,0.0,0.0
48163,0.0,0.0,0.0,0.0
48165,0.0,0.0,0.0,0.0
48167,0.29230769230769227,0.0,0.0,3.8
48169,0.0,0.0,0.0,0.0
48171,0.0,0.0,0.0,0.0
48173,0.0,0.0,0.0,0.0
48175,0.0,0.0,0.0,0.0
48177,0.0,0.0,0.0,0.0
48179,0.0,0.0,0.0,0.0
48181,0.33125,0.0,0.0,2.0
48183,0.0,0.0,0.0,0.0
48185,0.0,0.0,0.0,0.0
48187,0.0,0.0,0.0,0.0
48189,0.0,0.0,0.0,0.0
48191,0.0,0.0,0.0,0.0
48193,0.0,0.0,0.0,0.0
48195,0.0,0.0,0.0,0.0
48197,0.0,0.0,0.0,0.0
48199,0.0,0.0,0.0,0.0
48201,2.253333333333333,1.15,0.0,7.5
48203,0.049999999999999996,0.0,0.0,0.3
48205,0.0,0.0,0.0,0.0
48207,0.0,0.0,0.0,0.0
48209,0.0,0.0,0.0,0.0
48211,0.0,0.0,0.0,0.0
48213,0.0,0.0,0.0,0.0
48215,0.39818181818181814,0.3,0.0,3.2
48217,0.0,0.0,0.0,0.0
48219,0.0,0.0,0.0,0.0
48221,0.0,0.0,0.0,0.0
48223,0.0,0.0,0.0,0.0
48225,0.0,0.0,0.0,0.0
48227,0.0,0.0,0.0,0.0
48229,0.0,0.0,0.0,0.0
48231,0.0,0.0,0.0,0.0
48233,0.0,0.0,0.0,0.0
48235,0.0,0.0,0.0,0.0
48237,0.0,0.0,0.0,0.0
48239,0.0,0.0,0.0,0.0
48241,0.0,0.0,0.0,0.0
48243,0.0,0.0,0.0,0.0
48245,0.4600000000000001,0.0,0.0,3.2
48247,0.0,0.0,0.0,0.0
48249,0.0,0.0,0.0,0.0
48251,0.05,0.0,0.0,0.5
48253,0.0,0.0,0.0,0.0
48255,0.0,0.0,0.0,0.0
48257,0.38666666666666666,0.0,0.0,2.0
48259,0.0,0.0,0.0,0.0
48261,0.0,0.0,0.0,0.0
48263,0.0,0.0,0.0,0.0
48265,0.0,0.0,0.0,0.0
48267,0.0,0.0,0.0,0.0
48269,0.0,0.0,0.0,0.0
48271,0.0,0.0,0.0,0.0
48273,0.0,0.0,0.0,0.0
48275,0.0,0.0,0.0,0.0
48277,0.0,0.0,0.0,0.0
48279,0.0,0.0,0.0,0.0
48281,0.0,0.0,0.0,0.0
48283,0.0,0.0,0.0,0.0
48285,0.0,0.0,0.0,0.0
48287,0.1,0.1,0.0,0.2
48289,0.0,0.0,0.0,0.0
48291,0.38181818181818183,0.1,0.0,1.5
48293,0.0,0.0,0.0,0.0
48295,0.0,0.0,0.0,0.0
48297,0.0,0.0,0.0,0.0
48299,0.0,0.0,0.0,0.0
48301,0.0,0.0,0.0,0.0
48303,0.4,0.0,0.0,3.2
48305,0.0,0.0,0.0,0.0
48307,0.0,0.0,0.0,0.0
48309,0.7882352941176469,0.2,0.0,3.4
48311,0.0,0.0,0.0,0.0
48313,0.0,0.0,0.0,0.0
48315,0.0,0.0,0.0,0.0
48317,0.0,0.0,0.0,0.0
48319,0.0,0.0,0.0,0.0
48321,0.0,0.0,0.0,0.0
48323,0.0,0.0,0.0,0.0
48325,0.0,0.0,0.0,0.0
48327,0.0,0.0,0.0,0.0
48331,0.0,0.0,0.0,0.0
48333,0.0,0.0,0.0,0.0
48335,0.0,0.0,0.0,0.0
48337,0.0,0.0,0.0,0.0
48339,0.15625,0.0,0.0,1.7
48341,0.0,0.0,0.0,0.0
48343,0.0,0.0,0.0,0.0
48345,0.0,0.0,0.0,0.0
48347,0.35000000000000003,0.0,0.0,1.5
48349,0.0,0.0,0.0,0.0
48351,0.0,0.0,0.0,0.0
48353,0.0,0.0,0.0,0.0
48355,0.9714285714285714,0.3,0.0,3.8
48357,0.0,0.0,0.0,0.0
48359,0.0,0.0,0.0,0.0
48361,0.025,0.0,0.0,0.2
48363,0.0,0.0,0.0,0.0
48365,0.0,0.0,0.0,0.0
48367,0.0,0.0,0.0,0.0
48369,0.0,0.0,0.0,0.0
48371,0.0,0.0,0.0,0.0
48373,0.0,0.0,0.0,0.0
48375,0.0,0.0,0.0,0.0
48377,0.0,0.0,0.0,0.0
48379,0.0,0.0,0.0,0.0
48381,0.0,0.0,0.0,0.0
48383,0.0,0.0,0.0,0.0
48385,0.0,0.0,0.0,0.0
48387,0.0,0.0,0.0,0.0
48389,0.0,0.0,0.0,0.0
48391,0.0,0.0,0.0,0.0
48393,0.0,0.0,0.0,0.0
48395,0.0,0.0,0.0,0.0
48397,0.0,0.0,0.0,0.0
48399,0.0,0.0,0.0,0.0
48401,0.0,0.0,0.0,0.0
48403,0.0,0.0,0.0,0.0
48405,0.0,0.0,0.0,0.0
48407,0.0,0.0,0.0,0.0
48409,0.06521739130434784,0.0,0.0,1.1
48411,0.0,0.0,0.0,0.0
48413,0.0,0.0,0.0,0.0
48415,0.0,0.0,0.0,0.0
48417,0.0,0.0,0.0,0.0
48419,0.0,0.0,0.0,0.0
48421,0.0,0.0,0.0,0.0
48423,0.32222222222222224,0.0,0.0,2.2
48425,0.0,0.0,0.0,0.0
48427,0.02434782608695652,0.0,0.0,0.3
48429,0.0,0.0,0.0,0.0
48431,0.0,0.0,0.0,0.0
48433,0.0,0.0,0.0,0.0
48435,0.0,0.0,0.0,0.0
48437,0.0,0.0,0.0,0.0
48439,0.9321428571428572,0.25,0.0,3.5
48441,0.0875,0.0,0.0,0.4
48443,0.3,0.3,0.3,0.3
48445,0.0,0.0,0.0,0.0
48447,0.0,0.0,0.0,0.0
48449,0.0,0.0,0.0,0.0
48451,0.475,0.0,0.0,1.9
48453,1.05,0.6000000000000001,0.0,6.2
48455,0.0,0.0,0.0,0.0
48457,0.0,0.0,0.0,0.0
48459,0.0,0.0,0.0,0.0
48461,0.0,0.0,0.0,0.0
48463,0.0,0.0,0.0,0.0
48465,0.07142857142857142,0.0,0.0,0.5
48467,0.0,0.0,0.0,0.0
48469,0.64,0.0,0.0,3.2
48471,0.0,0.0,0.0,0.0
48473,0.0,0.0,0.0,0.0
48475,0.0,0.0,0.0,0.0
48477,0.0,0.0,0.0,0.0
48479,0.11842105263157894,0.0,0.0,4.5
48481,0.0,0.0,0.0,0.0
48483,0.0,0.0,0.0,0.0
48485,0.75,0.3,0.0,2.5
48487,0.0,0.0,0.0,0.0
48489,0.0,0.0,0.0,0.0
48491,0.12307692307692308,0.0,0.0,0.8
48493,0.0,0.0,0.0,0.0
48495,0.0,0.0,0.0,0.0
48497,0.0,0.0,0.0,0.0
48499,0.12,0.0,0.0,0.6
48501,0.0,0.0,0.0,0.0
48503,0.0,0.0,0.0,0.0
48505,0.0,0.0,0.0,0.0
48507,0.0,0.0,0.0,0.0
49001,0.0,0.0,0.0,0.0
49003,0.7105263157894737,0.0,0.0,4.0
49005,0.9541666666666666,0.65,0.0,3.9
49007,0.2222222222222222,0.1,0.0,0.9
49009,0.0,0.0,0.0,0.0
49011,5.04,5.3,2.1,7.3
49013,0.0,0.0,0.0,0.0
49015,0.03333333333333333,0.0,0.0,0.3
49017,0.0,0.0,0.0,0.0
49019,0.26666666666666666,0.3,0.0,0.5
49021,0.0,0.0,0.0,0.0
49023,0.22000000000000003,0.2,0.0,0.5
49025,0.0,0.0,0.0,0.0
49027,0.0,0.0,0.0,0.0
49029,0.0,0.0,0.0,0.0
49031,0.0,0.0,0.0,0.0
49033,0.0,0.0,0.0,0.0
49035,5.7,5.8,0.0,9.1
49037,0.2571428571428572,0.3,0.0,1.0
49039,0.25384615384615383,0.0,0.0,0.8
49041,0.08333333333333333,0.0,0.0,0.5
49043,0.9,0.1,0.0,5.6
49045,0.8,0.05,0.0,3.4
49047,0.0,0.0,0.0,0.0
49049,1.6344827586206896,0.6,0.0,6.3
49051,0.28888888888888886,0.0,0.0,1.7
49053,0.27368421052631575,0.0,0.0,2.3
49055,0.0,0.0,0.0,0.0
49057,3.2555555555555555,3.3,0.0,6.8
50001,2.075,1.9,1.2,3.3
50003,1.3666666666666667,1.0,0.3,3.4
50005,0.5625,0.2,0.0,2.1
50007,2.977777777777778,2.9,0.9,5.8
50009,0.1,0.0,0.0,0.4
50011,1.06,0.5,0.0,3.6
50013,0.4,0.4,0.4,0.4
50015,0.85,0.6499999999999999,0.6,1.5
50017,1.0714285714285714,0.7,0.5,2.8
50019,0.3466666666666667,0.4,0.0,1.4
50021,1.3,1.0,0.0,5.3
50023,1.0714285714285714,0.75,0.0,3.6
50025,1.28,1.0,0.0,3.7
50027,1.1578947368421053,0.8,0.0,4.0
51001,0.0,0.0,0.0,0.0
51003,1.4,0.6,0.0,7.4
51005,0.8800000000000001,0.9,0.0,1.8
51007,0.0,0.0,0.0,0.0
51009,0.8500000000000001,0.8500000000000001,0.4,1.3
51011,0.0,0.0,0.0,0.0
51013,8.9,8.9,8.9,8.9
51015,0.0,0.0,0.0,0.0
51017,0.0,0.0,0.0,0.0
51019,0.275,0.1,0.0,0.9
51021,0.0,0.0,0.0,0.0
51023,0.0,0.0,0.0,0.0
51025,0.0,0.0,0.0,0.0
51027,0.0,0.0,0.0,0.0
51029,0.3,0.4,0.0,0.5
51031,0.35,0.0,0.0,1.4
51033,0.475,0.6,0.0,0.7
51035,0.0,0.0,0.0,0.0
51036,0.0,0.0,0.0,0.0
51037,0.0,0.0,0.0,0.0
51041,1.1416666666666668,0.35,0.0,3.9
51043,0.0,0.0,0.0,0.0
51045,0.0,0.0,0.0,0.0
51047,1.5,1.5,1.5,1.5
51049,0.0,0.0,0.0,0.0
51051,0.0,0.0,0.0,0.0
51053,0.0,0.0,0.0,0.0
51057,0.0,0.0,0.0,0.0
51059,5.376666666666667,5.35,0.0,9.0
51061,0.0,0.0,0.0,0.0
51063,0.0,0.0,0.0,0.0
51065,0.4666666666666666,0.4,0.3,0.7
51067,0.1625,0.0,0.0,0.7
51069,0.0,0.0,0.0,0.0
51071,0.0,0.0,0.0,0.0
51073,0.0,0.0,0.0,0.0
51075,0.0,0.0,0.0,0.0
51077,0.0,0.0,0.0,0.0
51079,0.16666666666666666,0.0,0.0,0.5
51083,0.0,0.0,0.0,0.0
51085,0.6,0.0,0.0,1.8
51087,2.792307692307692,2.3,0.0,6.6
51089,0.0,0.0,0.0,0.0
51091,0.0,0.0,0.0,0.0
51093,0.14285714285714285,0.0,0.0,0.6
51097,0.0,0.0,0.0,0.0
51099,0.0,0.0,0.0,0.0
51101,0.0,0.0,0.0,0.0
51103,0.0,0.0,0.0,0.0
51105,0.0,0.0,0.0,0.0
51107,2.2708333333333335,2.45,0.0,5.7
51109,0.0,0.0,0.0,0.0
51111,0.0,0.0,0.0,0.0
51113,0.5,0.5,0.4,0.6
51115,0.0,0.0,0.0,0.0
51117,0.0,0.0,0.0,0.0
51119,0.0,0.0,0.0,0.0
51121,1.1800000000000002,0.1,0.0,6.5
51125,0.16,0.0,0.0,0.4
51127,0.0,0.0,0.0,0.0
51131,0.0,0.0,0.0,0.0
51133,0.0,0.0,0.0,0.0
51135,0.0,0.0,0.0,0.0
51137,0.0,0.0,0.0,0.0
51139,0.0,0.0,0.0,0.0
51141,0.0,0.0,0.0,0.0
51143,0.0,0.0,0.0,0.0
51145,0.0,0.0,0.0,0.0
51147,0.0,0.0,0.0,0.0
51149,0.10000000000000002,0.1,0.1,0.1
51153,2.242857142857143,2.3,0.0,6.3
51155,0.63,0.15,0.0,2.1
51157,0.0,0.0,0.0,0.0
51159,0.0,0.0,0.0,0.0
51161,1.5333333333333332,1.2,0.0,3.4
51163,0.43333333333333335,0.0,0.0,1.3
51165,0.23333333333333328,0.0,0.0,1.4
51167,0.0,0.0,0.0,0.0
51169,0.0,0.0,0.0,0.0
51171,0.0,0.0,0.0,0.0
51173,0.0,0.0,0.0,0.0
51175,0.0,0.0,0.0,0.0
51177,0.4,0.4,0.0,0.8
51179,1.16,1.3,0.0,2.4
51181,0.275,0.25,0.0,0.6
51183,0.0,0.0,0.0,0.0
51185,0.0,0.0,0.0,0.0
51187,0.0,0.0,0.0,0.0
51191,0.0,0.0,0.0,0.0
51193,0.0,0.0,0.0,0.0
51195,0.0,0.0,0.0,0.0
51197,0.0,0.0,0.0,0.0
51199,0.3,0.3,0.0,0.6
51510,8.6,8.6,8.6,8.6
51520,2.5,2.5,2.5,2.5
51530,1.3,1.3,1.3,1.3
51540,6.9,6.9,6.9,6.9
51550,2.0,2.0,2.0,2.0
51570,0.7,0.7,0.7,0.7
51580,1.3,1.3,1.3,1.3
51590,0.1,0.1,0.1,0.1
51595,0.0,0.0,0.0,0.0
51600,6.5,6.5,6.5,6.5
51610,8.6,8.6,8.6,8.6
51620,0.0,0.0,0.0,0.0
51630,4.3,4.3,4.3,4.3
51640,0.0,0.0,0.0,0.0
51650,4.8,4.8,4.8,4.8
51660,5.3,5.3,5.3,5.3
51670,1.6,1.6,1.6,1.6
51678,1.6,1.6,1.6,1.6
51680,3.6,3.6,3.6,3.6
51683,4.0,4.0,4.0,4.0
51685,3.3,3.3,3.3,3.3
51690,0.0,0.0,0.0,0.0
51700,4.7,4.7,4.7,4.7
51710,6.1,6.1,6.1,6.1
51720,0.0,0.0,0.0,0.0
51730,3.4,3.4,3.4,3.4
51735,0.0,0.0,0.0,0.0
51740,3.9,3.9,3.9,3.9
51750,4.3,4.3,4.3,4.3
51760,7.7,7.7,7.7,7.7
51770,4.7,4.7,4.7,4.7
51775,2.3,2.3,2.3,2.3
51790,0.4,0.4,0.4,0.4
51800,0.2,0.2,0.2,0.2
51810,3.2,3.2,3.2,3.2
51820,0.0,0.0,0.0,0.0
51830,4.7,4.7,4.7,4.7
51840,0.2,0.2,0.2,0.2
53001,0.0,0.0,0.0,0.0
53003,0.175,0.05,0.0,0.6
53005,2.6666666666666665,2.35,0.2,5.3
53007,2.911111111111111,2.4,1.3,6.2
53009,1.9833333333333334,1.65,0.9,4.2
53011,1.8923076923076925,1.5,0.0,5.5
53013,0.0,0.0,0.0,0.0
53015,1.4333333333333336,0.35,0.0,4.2
53017,1.56,1.5,0.0,4.8
53019,0.0,0.0,0.0,0.0
53021,1.55,0.0,0.0,5.0
53023,0.0,0.0,0.0,0.0
53025,0.8789473684210526,0.7,0.0,3.7
53027,0.06666666666666667,0.0,0.0,0.4
53029,3.057142857142857,2.6,1.9,6.6
53031,1.5833333333333333,0.85,0.0,4.7
53033,3.563157894736842,3.6,0.0,8.5
53035,2.246153846153846,2.3,0.0,4.9
53037,0.06999999999999999,0.0,0.0,0.7
53039,0.21538461538461537,0.0,0.0,1.1
53041,0.1,0.0,0.0,1.3
53043,0.0,0.0,0.0,0.0
53045,1.2714285714285716,1.0,0.6,3.2
53047,0.20555555555555557,0.0,0.0,0.7
53049,0.9636363636363636,0.7,0.0,2.1
53051,0.0,0.0,0.0,0.0
53053,1.3314285714285714,0.3,0.0,7.3
53055,3.3,3.3,3.3,3.3
53057,1.5944444444444443,1.1,0.0,4.9
53059,0.6,0.6,0.4,0.8
53061,2.566666666666667,2.25,0.0,7.2
53063,2.3285714285714283,1.9,0.0,6.0
53065,0.32,0.35,0.0,0.7
53067,1.8583333333333334,1.2,0.0,5.2
53069,0.0,0.0,0.0,0.0
53071,1.6600000000000001,0.6499999999999999,0.0,4.4
53073,1.6631578947368422,1.2,0.0,6.0
53075,0.0,0.0,0.0,0.0
53077,0.6928571428571428,0.3,0.0,4.8
54001,0.0,0.0,0.0,0.0
54003,0.9,0.05,0.0,3.5
54005,0.48888888888888893,0.5,0.3,0.8
54007,0.0,0.0,0.0,0.0
54009,0.0,0.0,0.0,0.0
54011,2.1,2.0,0.6,3.4
54013,0.0,0.0,0.0,0.0
54015,0.0,0.0,0.0,0.0
54017,0.0,0.0,0.0,0.0
54019,0.09999999999999999,0.0,0.0,1.2
54021,0.0,0.0,0.0,0.0
54023,0.55,0.55,0.0,1.1
54025,0.0875,0.0,0.0,0.6
54027,0.775,0.45,0.4,1.8
54029,0.0,0.0,0.0,0.0
54031,1.05,1.05,0.2,1.9
54033,0.1823529411764706,0.1,0.0,0.8
54035,0.0,0.0,0.0,0.0
54037,1.0,1.1,0.0,2.2
54039,1.2708333333333333,1.25,0.0,2.7
54041,0.0,0.0,0.0,0.0
54043,1.2666666666666666,0.9,0.5,2.4
54045,0.7559999999999999,0.7,0.4,2.0
54047,0.0,0.0,0.0,0.0
54049,0.8785714285714287,0.7,0.5,2.2
54051,1.02,0.1,0.0,2.5
54053,0.0,0.0,0.0,0.0
54055,0.0,0.0,0.0,0.0
54057,0.9125,0.75,0.0,2.2
54059,0.32222222222222224,0.4,0.0,1.1
54061,3.3444444444444446,2.4,1.2,6.8
54063,0.0,0.0,0.0,0.0
54065,0.0,0.0,0.0,0.0
54067,0.0,0.0,0.0,0.0
54069,0.8800000000000001,0.9,0.0,1.8
54071,0.5,0.5,0.4,0.6
54073,0.0,0.0,0.0,0.0
54075,0.0,0.0,0.0,0.0
54077,0.5727272727272728,0.5,0.2,1.6
54079,0.0,0.0,0.0,0.0
54081,0.005,0.0,0.0,0.1
54083,0.0,0.0,0.0,0.0
54085,0.0,0.0,0.0,0.0
54087,0.0,0.0,0.0,0.0
54089,0.8,0.8,0.8,0.8
54091,0.0,0.0,0.0,0.0
54093,0.0,0.0,0.0,0.0
54095,0.0,0.0,0.0,0.0
54097,0.0,0.0,0.0,0.0
54099,0.7142857142857143,0.0,0.0,2.5
54101,0.0,0.0,0.0,0.0
54103,0.0,0.0,0.0,0.0
54105,0.0,0.0,0.0,0.0
54107,0.75,0.0,0.0,4.5
54109,0.0,0.0,0.0,0.0
55001,0.0,0.0,0.0,0.0
55003,0.45,0.6499999999999999,0.0,0.7
55005,0.0,0.0,0.0,0.0
55007,0.32,0.0,0.0,1.5
55009,1.7222222222222223,1.3,0.0,4.4
55011,0.0,0.0,0.0,0.0
55013,0.0,0.0,0.0,0.0
55015,0.03333333333333333,0.0,0.0,0.3
55017,0.044444444444444446,0.0,0.0,0.4
55019,0.0,0.0,0.0,0.0
55021,0.1,0.0,0.0,1.1
55023,0.0,0.0,0.0,0.0
55025,1.375,0.0,0.0,7.5
55027,0.0,0.0,0.0,0.0
55029,0.0,0.0,0.0,0.0
55031,0.9874999999999999,0.0,0.0,3.8
55033,0.0,0.0,0.0,0.0
55035,0.72,0.0,0.0,2.1
55037,0.0,0.0,0.0,0.0
55039,0.29285714285714287,0.0,0.0,3.0
55041,0.0,0.0,0.0,0.0
55043,0.011764705882352941,0.0,0.0,0.1
55045,0.0,0.0,0.0,0.0
55047,0.0,0.0,0.0,0.0
55049,0.0,0.0,0.0,0.0
55051,0.0,0.0,0.0,0.0
55053,0.0,0.0,0.0,0.0
55055,0.0,0.0,0.0,0.0
55057,0.0,0.0,0.0,0.0
55059,0.9999999999999999,0.15,0.0,4.6
55061,0.0,0.0,0.0,0.0
55063,1.0875,0.0,0.0,4.9
55065,0.0,0.0,0.0,0.0
55067,0.0,0.0,0.0,0.0
55069,0.0,0.0,0.0,0.0
55071,0.0,0.0,0.0,0.0
55073,0.7352941176470589,0.0,0.0,4.0
55075,0.0,0.0,0.0,0.0
55077,0.0,0.0,0.0,0.0
55078,0.0,0.0,0.0,0.0
55079,5.152941176470588,5.6,0.8,7.9
55081,0.17500000000000002,0.0,0.0,1.3
55083,0.0,0.0,0.0,0.0
55085,0.0,0.0,0.0,0.0
55087,0.48999999999999994,0.0,0.0,2.3
55089,0.2555555555555556,0.1,0.0,1.2
55091,0.0,0.0,0.0,0.0
55093,0.0625,0.0,0.0,0.3
55095,0.0,0.0,0.0,0.0
55097,0.0,0.0,0.0,0.0
55099,0.0,0.0,0.0,0.0
55101,1.3599999999999999,0.0,0.0,5.8
55103,0.0,0.0,0.0,0.0
55105,0.8125,0.0,0.0,3.3
55107,0.0,0.0,0.0,0.0
55109,0.0071428571428571435,0.0,0.0,0.1
55111,0.01875,0.0,0.0,0.3
55113,0.0,0.0,0.0,0.0
55115,0.0,0.0,0.0,0.0
55117,0.5562499999999999,0.0,0.0,4.8
55119,0.0,0.0,0.0,0.0
55121,0.0,0.0,0.0,0.0
55123,0.0,0.0,0.0,0.0
55125,0.0,0.0,0.0,0.0
55127,0.0,0.0,0.0,0.0
55129,0.0,0.0,0.0,0.0
55131,0.11666666666666665,0.0,0.0,0.7
55133,0.8439999999999999,0.3,0.0,4.6
55135,0.0,0.0,0.0,0.0
55137,0.0,0.0,0.0,0.0
55139,1.0,0.0,0.0,4.6
55141,0.0,0.0,0.0,0.0
56001,0.0,0.0,0.0,0.0
56003,0.0,0.0,0.0,0.0
56005,0.0,0.0,0.0,0.0
56007,0.0,0.0,0.0,0.0
56009,0.0,0.0,0.0,0.0
56011,0.0,0.0,0.0,0.0
56013,0.0,0.0,0.0,0.0
56015,0.0,0.0,0.0,0.0
56017,0.0,0.0,0.0,0.0
56019,0.0,0.0,0.0,0.0
56021,0.8099999999999999,0.3,0.0,2.8
56023,0.0,0.0,0.0,0.0
56025,0.7555555555555555,0.6,0.0,2.2
56027,0.0,0.0,0.0,0.0
56029,0.0,0.0,0.0,0.0
56031,0.0,0.0,0.0,0.0
56033,0.0,0.0,0.0,0.0
56035,0.0,0.0,0.0,0.0
56037,0.0,0.0,0.0,0.0
56039,0.0,0.0,0.0,0.0
56041,0.0,0.0,0.0,0.0
56043,0.0,0.0,0.0,0.0
56045,0.0,0.0,0.0,0.0
